-- phpMyAdmin SQL Dump
-- version 5.2.0
-- https://www.phpmyadmin.net/
--
-- Host: 127.0.0.1
-- Generation Time: May 31, 2023 at 03:05 PM
-- Server version: 10.4.24-MariaDB
-- PHP Version: 7.4.29

SET SQL_MODE = "NO_AUTO_VALUE_ON_ZERO";
START TRANSACTION;
SET time_zone = "+00:00";


/*!40101 SET @OLD_CHARACTER_SET_CLIENT=@@CHARACTER_SET_CLIENT */;
/*!40101 SET @OLD_CHARACTER_SET_RESULTS=@@CHARACTER_SET_RESULTS */;
/*!40101 SET @OLD_COLLATION_CONNECTION=@@COLLATION_CONNECTION */;
/*!40101 SET NAMES utf8mb4 */;

--
-- Database: `dblms`
--

-- --------------------------------------------------------

--
-- Table structure for table `category`
--

CREATE TABLE `category` (
  `id` int(11) UNSIGNED NOT NULL,
  `code` varchar(255) COLLATE utf8_unicode_ci DEFAULT NULL,
  `name` varchar(255) COLLATE utf8_unicode_ci DEFAULT NULL,
  `parent` int(11) DEFAULT 0,
  `slug` varchar(255) COLLATE utf8_unicode_ci DEFAULT NULL,
  `date_added` int(11) DEFAULT NULL,
  `last_modified` int(11) DEFAULT NULL,
  `font_awesome_class` varchar(255) COLLATE utf8_unicode_ci DEFAULT NULL,
  `thumbnail` varchar(255) COLLATE utf8_unicode_ci DEFAULT NULL
) ENGINE=InnoDB DEFAULT CHARSET=utf8 COLLATE=utf8_unicode_ci;

--
-- Dumping data for table `category`
--

INSERT INTO `category` (`id`, `code`, `name`, `parent`, `slug`, `date_added`, `last_modified`, `font_awesome_class`, `thumbnail`) VALUES
(1, 'ba1ccf0271', 'IT &amp; Software', 0, 'it-amp-software', 1684965600, 1685311200, 'fas fa-laptop', 'e695f3efc4725de95ea64a8bda0b40f5.jpg'),
(3, 'c0fcde3cc8', 'Network &amp; Security Courses', 1, 'network-amp-security-courses', 1685311200, NULL, NULL, NULL),
(4, '4678bc9e65', 'Hardware Courses', 1, 'hardware-courses', 1685311200, NULL, NULL, NULL),
(5, '57a8519d60', 'Operating Systems &amp; Servers Courses', 1, 'operating-systems-amp-servers-courses', 1685311200, NULL, NULL, NULL),
(6, '8c9f1412d9', 'Design', 0, 'design', 1685311200, NULL, 'fas fa-leaf', 'd8c9bdf40588fbdde58d41ccf9b6b79f.jpg'),
(7, '468ec3f99e', 'Web Design', 6, 'web-design', 1685311200, NULL, NULL, NULL),
(8, '5ebc9e4b88', 'Graphic Design &amp; Illustration', 6, 'graphic-design-amp-illustration', 1685311200, NULL, NULL, NULL),
(9, '4edb389ab3', '3D &amp; Animation', 6, '3d-amp-animation', 1685311200, NULL, NULL, NULL),
(10, '614994f07f', 'Architectural Design', 6, 'architectural-design', 1685311200, NULL, NULL, NULL),
(11, '81f47b5b26', 'Teaching &amp; Academics', 0, 'teaching-amp-academics', 1685311200, NULL, 'fab fa-angular', '32d8311050910b5775daf00e55d4ffe4.jpg'),
(12, '9ca95d94b6', 'Online Education', 11, 'online-education', 1685311200, NULL, NULL, NULL),
(13, '3c98e441ab', 'Social Science', 11, 'social-science', 1685311200, NULL, NULL, NULL),
(14, '1a3cfa8ea2', 'Language Learning', 11, 'language-learning', 1685311200, NULL, NULL, NULL),
(15, 'd8baece3ea', 'Web Development', 1, 'web-development', 1685397600, NULL, NULL, NULL),
(16, 'f4788abb81', 'Mobile Development', 1, 'mobile-development', 1685397600, NULL, NULL, NULL),
(17, '1671197a20', 'User Interface Design', 6, 'user-interface-design', 1685484000, NULL, NULL, NULL);

-- --------------------------------------------------------

--
-- Table structure for table `ci_sessions`
--

CREATE TABLE `ci_sessions` (
  `id` varchar(40) COLLATE utf8_unicode_ci NOT NULL,
  `ip_address` varchar(45) COLLATE utf8_unicode_ci NOT NULL,
  `timestamp` int(10) UNSIGNED NOT NULL DEFAULT 0,
  `data` blob NOT NULL
) ENGINE=InnoDB DEFAULT CHARSET=utf8 COLLATE=utf8_unicode_ci;

--
-- Dumping data for table `ci_sessions`
--

INSERT INTO `ci_sessions` (`id`, `ip_address`, `timestamp`, `data`) VALUES
('u7jn4j62nnbfstbc61ei1vcs7arisqdn', '::1', 1561169011, 0x5f5f63695f6c6173745f726567656e65726174657c693a313536313136383934313b636172745f6974656d737c613a303a7b7d757365725f69647c733a313a2231223b726f6c655f69647c733a313a2231223b726f6c657c733a353a2241646d696e223b6e616d657c733a31313a2261646d696e2061646d696e223b61646d696e5f6c6f67696e7c733a313a2231223b),
('dpb2fi40qktdgagl2fgvv3nhce4dfun4', '::1', 1561300719, 0x5f5f63695f6c6173745f726567656e65726174657c693a313536313330303731393b636172745f6974656d737c613a303a7b7d),
('2k91kfslkj6l19jl9rnc2ivrnb8pna7r', '::1', 1561351070, 0x5f5f63695f6c6173745f726567656e65726174657c693a313536313335313032363b636172745f6974656d737c613a303a7b7d757365725f69647c733a313a2231223b726f6c655f69647c733a313a2231223b726f6c657c733a353a2241646d696e223b6e616d657c733a31313a2261646d696e2061646d696e223b61646d696e5f6c6f67696e7c733a313a2231223b),
('cf67v6p62iesvhpg2uu5tt8m2imgl916', '::1', 1685030887, 0x5f5f63695f6c6173745f726567656e65726174657c693a313638353033303838373b636172745f6974656d737c613a303a7b7d6c61796f75747c733a343a226c697374223b),
('a4c4c53a0jn0hism6o6io590h97hcpfr', '::1', 1685031238, 0x5f5f63695f6c6173745f726567656e65726174657c693a313638353033313233383b636172745f6974656d737c613a303a7b7d6c61796f75747c733a343a226c697374223b757365725f69647c733a313a2231223b726f6c655f69647c733a313a2231223b726f6c657c733a353a2241646d696e223b6e616d657c733a31313a2261646d696e2061646d696e223b61646d696e5f6c6f67696e7c733a313a2231223b),
('qu9efb8dkrlv065l4d6p3n3tflecg9i3', '::1', 1685031730, 0x5f5f63695f6c6173745f726567656e65726174657c693a313638353033313733303b636172745f6974656d737c613a303a7b7d6c61796f75747c733a343a226c697374223b757365725f69647c733a313a2232223b726f6c655f69647c733a313a2232223b726f6c657c733a343a2255736572223b6e616d657c733a31313a226d61686120647761696d61223b757365725f6c6f67696e7c733a313a2231223b),
('ep2dc12oj8h8viguee5n0ard89d60pu6', '::1', 1685032040, 0x5f5f63695f6c6173745f726567656e65726174657c693a313638353033323034303b636172745f6974656d737c613a303a7b7d6c61796f75747c733a343a226c697374223b757365725f69647c733a313a2232223b726f6c655f69647c733a313a2232223b726f6c657c733a343a2255736572223b6e616d657c733a31313a226d61686120647761696d61223b757365725f6c6f67696e7c733a313a2231223b),
('vvr07s32157geeh0k3m78qs63p1mdi8a', '::1', 1685032483, 0x5f5f63695f6c6173745f726567656e65726174657c693a313638353033323438333b636172745f6974656d737c613a303a7b7d6c61796f75747c733a343a226c697374223b757365725f69647c733a313a2232223b726f6c655f69647c733a313a2232223b726f6c657c733a343a2255736572223b6e616d657c733a31313a226d61686120647761696d61223b757365725f6c6f67696e7c733a313a2231223b),
('f1qo25jriuobnah850huoj3cplanjc16', '::1', 1685032507, 0x5f5f63695f6c6173745f726567656e65726174657c693a313638353033323438333b636172745f6974656d737c613a303a7b7d6c61796f75747c733a343a226c697374223b757365725f69647c733a313a2232223b726f6c655f69647c733a313a2232223b726f6c657c733a343a2255736572223b6e616d657c733a31313a226d61686120647761696d61223b757365725f6c6f67696e7c733a313a2231223b),
('7sof2ep3pjtg26ugdjlehett7at240p4', '::1', 1685272031, 0x5f5f63695f6c6173745f726567656e65726174657c693a313638353237323033313b636172745f6974656d737c613a303a7b7d),
('c2cmmire63kkbblsoijv7jf5m9fvmv2t', '::1', 1685272051, 0x5f5f63695f6c6173745f726567656e65726174657c693a313638353237323033313b636172745f6974656d737c613a303a7b7d757365725f69647c733a313a2231223b726f6c655f69647c733a313a2231223b726f6c657c733a353a2241646d696e223b6e616d657c733a31313a2261646d696e2061646d696e223b61646d696e5f6c6f67696e7c733a313a2231223b),
('kj6qn3k86kca2ilnktluc7qaegj6m357', '::1', 1685272591, 0x5f5f63695f6c6173745f726567656e65726174657c693a313638353237323539313b636172745f6974656d737c613a303a7b7d757365725f69647c733a313a2231223b726f6c655f69647c733a313a2231223b726f6c657c733a353a2241646d696e223b6e616d657c733a31313a2261646d696e2061646d696e223b61646d696e5f6c6f67696e7c733a313a2231223b),
('ta6k1oqch7tm4ot24b8itrimmpnefhpa', '::1', 1685272896, 0x5f5f63695f6c6173745f726567656e65726174657c693a313638353237323839363b636172745f6974656d737c613a313a7b693a303b733a313a2231223b7d6c61796f75747c733a343a226c697374223b757365725f69647c733a313a2231223b726f6c655f69647c733a313a2231223b726f6c657c733a353a2241646d696e223b6e616d657c733a31313a2261646d696e2061646d696e223b61646d696e5f6c6f67696e7c733a313a2231223b),
('80n8nmv6jkpv1ojd63ve5gcp26lqdmbq', '::1', 1685273578, 0x5f5f63695f6c6173745f726567656e65726174657c693a313638353237333537383b636172745f6974656d737c613a313a7b693a303b733a313a2231223b7d6c61796f75747c733a343a226c697374223b757365725f69647c733a313a2232223b726f6c655f69647c733a313a2232223b726f6c657c733a343a2255736572223b6e616d657c733a31313a226d61686120647761696d61223b757365725f6c6f67696e7c733a313a2231223b),
('jgfe8mc184rnb8hk1tf3dg0n5a9j0771', '::1', 1685274628, 0x5f5f63695f6c6173745f726567656e65726174657c693a313638353237343632383b636172745f6974656d737c613a303a7b7d6c61796f75747c733a343a226c697374223b757365725f69647c733a313a2232223b726f6c655f69647c733a313a2232223b726f6c657c733a343a2255736572223b6e616d657c733a31313a226d61686120647761696d61223b757365725f6c6f67696e7c733a313a2231223b),
('rhmtq5vhjotg5glg9fq7tj6elec5r2lf', '::1', 1685274038, 0x5f5f63695f6c6173745f726567656e65726174657c693a313638353237343033323b636172745f6974656d737c613a303a7b7d6c61796f75747c733a343a226c697374223b757365725f69647c733a313a2232223b726f6c655f69647c733a313a2232223b726f6c657c733a343a2255736572223b6e616d657c733a31313a226d61686120647761696d61223b757365725f6c6f67696e7c733a313a2231223b666c6173685f6d6573736167657c733a32353a225061796d656e74205375636365737366756c6c7920446f6e65223b5f5f63695f766172737c613a313a7b733a31333a22666c6173685f6d657373616765223b733a333a226e6577223b7d),
('hen9sopu02kdh373khkt14mpgt5ajgor', '::1', 1685275188, 0x5f5f63695f6c6173745f726567656e65726174657c693a313638353237353138383b636172745f6974656d737c613a303a7b7d6c61796f75747c733a343a226c697374223b757365725f69647c733a313a2231223b726f6c655f69647c733a313a2231223b726f6c657c733a353a2241646d696e223b6e616d657c733a31313a2261646d696e2061646d696e223b61646d696e5f6c6f67696e7c733a313a2231223b),
('r7mjcagqupngc663fgr1ug4269oj8ml2', '::1', 1685276231, 0x5f5f63695f6c6173745f726567656e65726174657c693a313638353237363233313b636172745f6974656d737c613a303a7b7d6c61796f75747c733a343a226c697374223b757365725f69647c733a313a2231223b726f6c655f69647c733a313a2231223b726f6c657c733a353a2241646d696e223b6e616d657c733a31313a2261646d696e2061646d696e223b61646d696e5f6c6f67696e7c733a313a2231223b),
('4mv9nnmpavre19di28tk8cflgufcbgp8', '::1', 1685277256, 0x5f5f63695f6c6173745f726567656e65726174657c693a313638353237373235363b636172745f6974656d737c613a303a7b7d6c61796f75747c733a343a226c697374223b757365725f69647c733a313a2231223b726f6c655f69647c733a313a2231223b726f6c657c733a353a2241646d696e223b6e616d657c733a31313a2261646d696e2061646d696e223b61646d696e5f6c6f67696e7c733a313a2231223b),
('655tod0f1drpm41g1d44pv8q3bcpfs24', '::1', 1685277311, 0x5f5f63695f6c6173745f726567656e65726174657c693a313638353237373235363b636172745f6974656d737c613a303a7b7d6c61796f75747c733a343a226c697374223b757365725f69647c733a313a2231223b726f6c655f69647c733a313a2231223b726f6c657c733a353a2241646d696e223b6e616d657c733a31313a2261646d696e2061646d696e223b61646d696e5f6c6f67696e7c733a313a2231223b),
('j24vucrp1dg8gj7vrnvl06u0dafp4pj5', '::1', 1685304875, 0x5f5f63695f6c6173745f726567656e65726174657c693a313638353330343837353b636172745f6974656d737c613a303a7b7d757365725f69647c733a313a2231223b726f6c655f69647c733a313a2231223b726f6c657c733a353a2241646d696e223b6e616d657c733a31313a2261646d696e2061646d696e223b61646d696e5f6c6f67696e7c733a313a2231223b),
('b4u9hl7q3c6mst1ke3akoh0hdg2akhha', '::1', 1685305859, 0x5f5f63695f6c6173745f726567656e65726174657c693a313638353330353835393b636172745f6974656d737c613a303a7b7d757365725f69647c733a313a2231223b726f6c655f69647c733a313a2231223b726f6c657c733a353a2241646d696e223b6e616d657c733a31313a2261646d696e2061646d696e223b61646d696e5f6c6f67696e7c733a313a2231223b6c61796f75747c733a343a226c697374223b),
('ci4sqfrn6u0e7sql3q8i5rb1ds8h1i08', '::1', 1685305859, 0x5f5f63695f6c6173745f726567656e65726174657c693a313638353330353835393b636172745f6974656d737c613a303a7b7d757365725f69647c733a313a2231223b726f6c655f69647c733a313a2231223b726f6c657c733a353a2241646d696e223b6e616d657c733a31313a2261646d696e2061646d696e223b61646d696e5f6c6f67696e7c733a313a2231223b6c61796f75747c733a343a226c697374223b),
('3jfj8uosr7v2nf3hpc0sraatqvbaqc3a', '::1', 1685349790, 0x5f5f63695f6c6173745f726567656e65726174657c693a313638353334393533303b636172745f6974656d737c613a303a7b7d757365725f69647c733a313a2232223b726f6c655f69647c733a313a2232223b726f6c657c733a343a2255736572223b6e616d657c733a31313a226d61686120647761696d61223b757365725f6c6f67696e7c733a313a2231223b),
('m1lp170rhl3vjic639v50pd8r73mvtgr', '::1', 1685360367, 0x5f5f63695f6c6173745f726567656e65726174657c693a313638353336303131343b636172745f6974656d737c613a303a7b7d6c61796f75747c733a343a226c697374223b757365725f69647c733a313a2232223b726f6c655f69647c733a313a2232223b726f6c657c733a343a2255736572223b6e616d657c733a31313a226d61686120647761696d61223b757365725f6c6f67696e7c733a313a2231223b),
('r2v55oobvqoua1uvv3d86a5q58fcub2b', '::1', 1685383280, 0x5f5f63695f6c6173745f726567656e65726174657c693a313638353338333238303b636172745f6974656d737c613a303a7b7d757365725f69647c733a313a2231223b726f6c655f69647c733a313a2231223b726f6c657c733a353a2241646d696e223b6e616d657c733a31313a2261646d696e2061646d696e223b61646d696e5f6c6f67696e7c733a313a2231223b),
('o9in9behqi6u478pps745ps9ugin8do5', '::1', 1685385332, 0x5f5f63695f6c6173745f726567656e65726174657c693a313638353338353333323b636172745f6974656d737c613a303a7b7d),
('e0i55qtvv1nsr80pittilredge8l3p8n', '::1', 1685385322, 0x5f5f63695f6c6173745f726567656e65726174657c693a313638353338353332323b636172745f6974656d737c613a303a7b7d757365725f69647c733a313a2231223b726f6c655f69647c733a313a2231223b726f6c657c733a353a2241646d696e223b6e616d657c733a31313a2261646d696e2061646d696e223b61646d696e5f6c6f67696e7c733a313a2231223b),
('hq4n6nncg3bahpntrjht4ja6rdv63ptt', '::1', 1685385647, 0x5f5f63695f6c6173745f726567656e65726174657c693a313638353338353634373b636172745f6974656d737c613a303a7b7d757365725f69647c733a313a2231223b726f6c655f69647c733a313a2231223b726f6c657c733a353a2241646d696e223b6e616d657c733a31313a2261646d696e2061646d696e223b61646d696e5f6c6f67696e7c733a313a2231223b),
('dniv9tq0adqsl0q99684jpgksbdfk824', '::1', 1685385386, 0x5f5f63695f6c6173745f726567656e65726174657c693a313638353338353333323b636172745f6974656d737c613a303a7b7d),
('5g54tnm55p2litjbk1q87puanfdckmq4', '::1', 1685385951, 0x5f5f63695f6c6173745f726567656e65726174657c693a313638353338353935313b636172745f6974656d737c613a303a7b7d757365725f69647c733a313a2231223b726f6c655f69647c733a313a2231223b726f6c657c733a353a2241646d696e223b6e616d657c733a31313a2261646d696e2061646d696e223b61646d696e5f6c6f67696e7c733a313a2231223b),
('3nd8v1i4rqptkdqpjrvn9q2e5vt9tr81', '::1', 1685386295, 0x5f5f63695f6c6173745f726567656e65726174657c693a313638353338363239353b636172745f6974656d737c613a303a7b7d757365725f69647c733a313a2231223b726f6c655f69647c733a313a2231223b726f6c657c733a353a2241646d696e223b6e616d657c733a31313a2261646d696e2061646d696e223b61646d696e5f6c6f67696e7c733a313a2231223b),
('rvv70snjq0vvajgd7a7gutraskb5m3kq', '::1', 1685386598, 0x5f5f63695f6c6173745f726567656e65726174657c693a313638353338363539383b636172745f6974656d737c613a303a7b7d757365725f69647c733a313a2231223b726f6c655f69647c733a313a2231223b726f6c657c733a353a2241646d696e223b6e616d657c733a31313a2261646d696e2061646d696e223b61646d696e5f6c6f67696e7c733a313a2231223b666c6173685f6d6573736167657c733a32333a2244617461204164646564205375636365737366756c6c79223b5f5f63695f766172737c613a313a7b733a31333a22666c6173685f6d657373616765223b733a333a226f6c64223b7d),
('nngc1fnno0m7bu01krvglvp3f9sgmsna', '::1', 1685387543, 0x5f5f63695f6c6173745f726567656e65726174657c693a313638353338373534333b636172745f6974656d737c613a303a7b7d757365725f69647c733a313a2231223b726f6c655f69647c733a313a2231223b726f6c657c733a353a2241646d696e223b6e616d657c733a31313a2261646d696e2061646d696e223b61646d696e5f6c6f67696e7c733a313a2231223b),
('s6k67ffcof3la2lu8fei918q4geur6h4', '::1', 1685388061, 0x5f5f63695f6c6173745f726567656e65726174657c693a313638353338383036313b636172745f6974656d737c613a303a7b7d757365725f69647c733a313a2231223b726f6c655f69647c733a313a2231223b726f6c657c733a353a2241646d696e223b6e616d657c733a31313a2261646d696e2061646d696e223b61646d696e5f6c6f67696e7c733a313a2231223b6c61796f75747c733a343a226c697374223b),
('6f5tb4p5lp5973vqq15lufef0ajfp2fe', '::1', 1685388572, 0x5f5f63695f6c6173745f726567656e65726174657c693a313638353338383537323b636172745f6974656d737c613a303a7b7d6c61796f75747c733a343a226c697374223b757365725f69647c733a313a2231223b726f6c655f69647c733a313a2231223b726f6c657c733a353a2241646d696e223b6e616d657c733a31313a2261646d696e2061646d696e223b61646d696e5f6c6f67696e7c733a313a2231223b),
('1jejpqhmtosss0v1kgoo1helkt0ofldv', '::1', 1685389553, 0x5f5f63695f6c6173745f726567656e65726174657c693a313638353338393535333b636172745f6974656d737c613a303a7b7d6c61796f75747c733a343a226c697374223b757365725f69647c733a313a2231223b726f6c655f69647c733a313a2231223b726f6c657c733a353a2241646d696e223b6e616d657c733a31313a2261646d696e2061646d696e223b61646d696e5f6c6f67696e7c733a313a2231223b),
('i8l5l9mk6bsmd8l74jv8r7hr4igdtl4k', '::1', 1685390392, 0x5f5f63695f6c6173745f726567656e65726174657c693a313638353339303339323b636172745f6974656d737c613a303a7b7d6c61796f75747c733a343a226c697374223b757365725f69647c733a313a2231223b726f6c655f69647c733a313a2231223b726f6c657c733a353a2241646d696e223b6e616d657c733a31313a2261646d696e2061646d696e223b61646d696e5f6c6f67696e7c733a313a2231223b),
('9ff7a0t4n43h7pv7jr99578r79oq9j68', '::1', 1685390437, 0x5f5f63695f6c6173745f726567656e65726174657c693a313638353339303339323b636172745f6974656d737c613a303a7b7d6c61796f75747c733a343a226c697374223b757365725f69647c733a313a2231223b726f6c655f69647c733a313a2231223b726f6c657c733a353a2241646d696e223b6e616d657c733a31313a2261646d696e2061646d696e223b61646d696e5f6c6f67696e7c733a313a2231223b),
('55gbe9ihtkcc2qucgk4kan7b79q065cc', '::1', 1685437780, 0x5f5f63695f6c6173745f726567656e65726174657c693a313638353433373738303b636172745f6974656d737c613a303a7b7d757365725f69647c733a313a2231223b726f6c655f69647c733a313a2231223b726f6c657c733a353a2241646d696e223b6e616d657c733a31333a224d616e6167657220204d616861223b61646d696e5f6c6f67696e7c733a313a2231223b),
('sapurg1na3hfag201s5p0pgikm3d25j3', '::1', 1685438088, 0x5f5f63695f6c6173745f726567656e65726174657c693a313638353433383038383b636172745f6974656d737c613a303a7b7d),
('gr1h50s6br6qoj12vj47a720ucgpfpnn', '::1', 1685438798, 0x5f5f63695f6c6173745f726567656e65726174657c693a313638353433383739383b636172745f6974656d737c613a303a7b7d757365725f69647c733a313a2231223b726f6c655f69647c733a313a2231223b726f6c657c733a353a2241646d696e223b6e616d657c733a31333a224d616e6167657220204d616861223b61646d696e5f6c6f67696e7c733a313a2231223b),
('lu5iou9jqjcphtqu97ecfe5sqk4jcri3', '::1', 1685438778, 0x5f5f63695f6c6173745f726567656e65726174657c693a313638353433383737383b636172745f6974656d737c613a303a7b7d757365725f69647c733a313a2232223b726f6c655f69647c733a313a2232223b726f6c657c733a343a2255736572223b6e616d657c733a31313a226d61686120647761696d61223b757365725f6c6f67696e7c733a313a2231223b),
('cj4qcj2ikg5hnkjkdd4mmhgaluu7lkbv', '::1', 1685439087, 0x5f5f63695f6c6173745f726567656e65726174657c693a313638353433393038373b636172745f6974656d737c613a303a7b7d757365725f69647c733a313a2233223b726f6c655f69647c733a313a2232223b726f6c657c733a343a2255736572223b6e616d657c733a31343a226d616e617220416c646164616820223b757365725f6c6f67696e7c733a313a2231223b6c61796f75747c733a343a226c697374223b),
('pqd0tp0jv26mioqjp8i0ta0s885kg50h', '::1', 1685439201, 0x5f5f63695f6c6173745f726567656e65726174657c693a313638353433393230313b636172745f6974656d737c613a303a7b7d6c61796f75747c733a343a226c697374223b757365725f69647c733a313a2231223b726f6c655f69647c733a313a2231223b726f6c657c733a353a2241646d696e223b6e616d657c733a31333a224d616e6167657220204d616861223b61646d696e5f6c6f67696e7c733a313a2231223b666c6173685f6d6573736167657c733a32313a22436f75727365205374617475732055706461746564223b5f5f63695f766172737c613a313a7b733a31333a22666c6173685f6d657373616765223b733a333a226f6c64223b7d),
('oho5n8ndm5lf6e7r4369e1sp296t80j2', '::1', 1685439693, 0x5f5f63695f6c6173745f726567656e65726174657c693a313638353433393639333b636172745f6974656d737c613a303a7b7d6c61796f75747c733a343a226c697374223b757365725f69647c733a313a2232223b726f6c655f69647c733a313a2232223b726f6c657c733a343a2255736572223b6e616d657c733a31313a226d61686120647761696d61223b757365725f6c6f67696e7c733a313a2231223b),
('kla4iqim7qgksb5nu31url855r302ldr', '::1', 1685439546, 0x5f5f63695f6c6173745f726567656e65726174657c693a313638353433393534363b636172745f6974656d737c613a303a7b7d6c61796f75747c733a343a226c697374223b757365725f69647c733a313a2232223b726f6c655f69647c733a313a2232223b726f6c657c733a343a2255736572223b6e616d657c733a31313a226d61686120647761696d61223b757365725f6c6f67696e7c733a313a2231223b),
('m3c5m8vonqhrvgriugg81590efhnm3no', '::1', 1685439895, 0x5f5f63695f6c6173745f726567656e65726174657c693a313638353433393839353b636172745f6974656d737c613a303a7b7d6c61796f75747c733a343a226c697374223b757365725f69647c733a313a2232223b726f6c655f69647c733a313a2232223b726f6c657c733a343a2255736572223b6e616d657c733a31313a226d61686120647761696d61223b757365725f6c6f67696e7c733a313a2231223b),
('aris2cadjhe33n8ffuml4n93rk3mbpll', '::1', 1685440005, 0x5f5f63695f6c6173745f726567656e65726174657c693a313638353434303030353b636172745f6974656d737c613a303a7b7d6c61796f75747c733a343a226c697374223b757365725f69647c733a313a2233223b726f6c655f69647c733a313a2232223b726f6c657c733a343a2255736572223b6e616d657c733a31343a226d616e617220416c646164616820223b757365725f6c6f67696e7c733a313a2231223b),
('73h6pk8c2h3ofa7729n3b86op29j09t9', '::1', 1685440482, 0x5f5f63695f6c6173745f726567656e65726174657c693a313638353434303438323b636172745f6974656d737c613a303a7b7d6c61796f75747c733a343a226c697374223b757365725f69647c733a313a2232223b726f6c655f69647c733a313a2232223b726f6c657c733a343a2255736572223b6e616d657c733a31313a226d61686120647761696d61223b757365725f6c6f67696e7c733a313a2231223b),
('535pr942s6u32cr6g0jlmf2e4b4bifis', '::1', 1685440439, 0x5f5f63695f6c6173745f726567656e65726174657c693a313638353434303433393b636172745f6974656d737c613a303a7b7d6c61796f75747c733a343a226c697374223b757365725f69647c733a313a2231223b726f6c655f69647c733a313a2231223b726f6c657c733a353a2241646d696e223b6e616d657c733a31333a224d616e6167657220204d616861223b61646d696e5f6c6f67696e7c733a313a2231223b),
('kr4fvj75gaum5orredpabc6862fru21k', '::1', 1685440791, 0x5f5f63695f6c6173745f726567656e65726174657c693a313638353434303739313b636172745f6974656d737c613a303a7b7d6c61796f75747c733a343a226c697374223b757365725f69647c733a313a2231223b726f6c655f69647c733a313a2231223b726f6c657c733a353a2241646d696e223b6e616d657c733a31333a224d616e6167657220204d616861223b61646d696e5f6c6f67696e7c733a313a2231223b),
('rjkvqmi40m56m42rsuupof43ombgdh2j', '::1', 1685440841, 0x5f5f63695f6c6173745f726567656e65726174657c693a313638353434303834313b636172745f6974656d737c613a303a7b7d6c61796f75747c733a343a226c697374223b757365725f69647c733a313a2232223b726f6c655f69647c733a313a2232223b726f6c657c733a343a2255736572223b6e616d657c733a31313a226d61686120647761696d61223b757365725f6c6f67696e7c733a313a2231223b),
('i1l9sub3171tbj4kjpgsj09bfec9cgn2', '::1', 1685441757, 0x5f5f63695f6c6173745f726567656e65726174657c693a313638353434313735373b636172745f6974656d737c613a303a7b7d6c61796f75747c733a343a226c697374223b757365725f69647c733a313a2232223b726f6c655f69647c733a313a2232223b726f6c657c733a343a2255736572223b6e616d657c733a31313a226d61686120647761696d61223b757365725f6c6f67696e7c733a313a2231223b),
('mnc6cd0mc68tgq5nfmpbguav5esnsm1r', '::1', 1685441667, 0x5f5f63695f6c6173745f726567656e65726174657c693a313638353434313636373b636172745f6974656d737c613a303a7b7d6c61796f75747c733a343a226c697374223b757365725f69647c733a313a2232223b726f6c655f69647c733a313a2232223b726f6c657c733a343a2255736572223b6e616d657c733a31313a226d61686120647761696d61223b757365725f6c6f67696e7c733a313a2231223b),
('868q2g6jtbrmkqsvrdis5d7jporafbp1', '::1', 1685441972, 0x5f5f63695f6c6173745f726567656e65726174657c693a313638353434313937323b636172745f6974656d737c613a303a7b7d6c61796f75747c733a343a226c697374223b757365725f69647c733a313a2231223b726f6c655f69647c733a313a2231223b726f6c657c733a353a2241646d696e223b6e616d657c733a31333a224d2e4d61686120647761696d61223b61646d696e5f6c6f67696e7c733a313a2231223b),
('nlv552vf9gdhmiuueu1jagd5u1rtgfng', '::1', 1685442060, 0x5f5f63695f6c6173745f726567656e65726174657c693a313638353434323036303b636172745f6974656d737c613a313a7b693a303b733a313a2234223b7d6c61796f75747c733a343a226c697374223b757365725f69647c733a313a2233223b726f6c655f69647c733a313a2232223b726f6c657c733a343a2255736572223b6e616d657c733a31343a226d616e617220416c646164616820223b757365725f6c6f67696e7c733a313a2231223b),
('v6qhgeh04bk5510ss0bocruho9mbvm61', '::1', 1685443334, 0x5f5f63695f6c6173745f726567656e65726174657c693a313638353434333333343b636172745f6974656d737c613a303a7b7d6c61796f75747c733a343a226c697374223b757365725f69647c733a313a2231223b726f6c655f69647c733a313a2231223b726f6c657c733a353a2241646d696e223b6e616d657c733a31333a224d2e4d61686120647761696d61223b61646d696e5f6c6f67696e7c733a313a2231223b666c6173685f6d6573736167657c733a36353a22436f757273652055706461746564205375636365737366756c6c792e20506c65617365205761697420556e74696c6c2041646d696e20417070726f766573204974223b5f5f63695f766172737c613a313a7b733a31333a22666c6173685f6d657373616765223b733a333a226f6c64223b7d),
('8o63ecqu1ja37aeglopod9qfv97qoe5k', '::1', 1685443894, 0x5f5f63695f6c6173745f726567656e65726174657c693a313638353434333839343b636172745f6974656d737c613a303a7b7d6c61796f75747c733a343a226c697374223b757365725f69647c733a313a2233223b726f6c655f69647c733a313a2232223b726f6c657c733a343a2255736572223b6e616d657c733a31343a226d616e617220416c646164616820223b757365725f6c6f67696e7c733a313a2231223b),
('6niq8sov44e1cfcgen5i6qo6cc7ibp6o', '::1', 1685443334, 0x5f5f63695f6c6173745f726567656e65726174657c693a313638353434333333343b636172745f6974656d737c613a303a7b7d6c61796f75747c733a343a226c697374223b757365725f69647c733a313a2231223b726f6c655f69647c733a313a2231223b726f6c657c733a353a2241646d696e223b6e616d657c733a31333a224d2e4d61686120647761696d61223b61646d696e5f6c6f67696e7c733a313a2231223b666c6173685f6d6573736167657c733a32313a22436f75727365205374617475732055706461746564223b5f5f63695f766172737c613a313a7b733a31333a22666c6173685f6d657373616765223b733a333a226f6c64223b7d),
('h1vjbot0br67tnjku1b0th1vottsqhlq', '::1', 1685443894, 0x5f5f63695f6c6173745f726567656e65726174657c693a313638353434333839343b636172745f6974656d737c613a303a7b7d6c61796f75747c733a343a226c697374223b757365725f69647c733a313a2233223b726f6c655f69647c733a313a2232223b726f6c657c733a343a2255736572223b6e616d657c733a31343a226d616e617220416c646164616820223b757365725f6c6f67696e7c733a313a2231223b),
('8t86di9pk7nmqr726vqip8k1sr0k35tc', '::1', 1685460323, 0x5f5f63695f6c6173745f726567656e65726174657c693a313638353436303332333b636172745f6974656d737c613a303a7b7d757365725f69647c733a313a2231223b726f6c655f69647c733a313a2231223b726f6c657c733a353a2241646d696e223b6e616d657c733a31333a224d2e4d61686120647761696d61223b666c6173685f6d6573736167657c733a32303a2257656c636f6d204d2e4d61686120647761696d61223b5f5f63695f766172737c613a313a7b733a31333a22666c6173685f6d657373616765223b733a333a226f6c64223b7d61646d696e5f6c6f67696e7c733a313a2231223b),
('ciric1e4d57p2kq79vsjjv8jbrvhbf2i', '::1', 1685462163, 0x5f5f63695f6c6173745f726567656e65726174657c693a313638353436323136333b636172745f6974656d737c613a303a7b7d757365725f69647c733a313a2231223b726f6c655f69647c733a313a2231223b726f6c657c733a353a2241646d696e223b6e616d657c733a31333a224d2e4d61686120647761696d61223b61646d696e5f6c6f67696e7c733a313a2231223b),
('hukca79n04q8lc1bg2pq1uhmr7fuv8lg', '::1', 1685462163, 0x5f5f63695f6c6173745f726567656e65726174657c693a313638353436323136333b636172745f6974656d737c613a303a7b7d757365725f69647c733a313a2231223b726f6c655f69647c733a313a2231223b726f6c657c733a353a2241646d696e223b6e616d657c733a31333a224d2e4d61686120647761696d61223b61646d696e5f6c6f67696e7c733a313a2231223b),
('fogejdv7j82og0uji10i2oekom9hrah3', '::1', 1685471766, 0x5f5f63695f6c6173745f726567656e65726174657c693a313638353437313736363b757365725f69647c733a313a2234223b726f6c655f69647c733a313a2232223b726f6c657c733a343a2255736572223b6e616d657c733a31363a227461736e65656d206162757361666961223b757365725f6c6f67696e7c733a313a2231223b636172745f6974656d737c613a303a7b7d),
('ovaq57vtqaq7lurs35c41eulmlcdusgj', '::1', 1685468267, 0x5f5f63695f6c6173745f726567656e65726174657c693a313638353436383233373b636172745f6974656d737c613a303a7b7d757365725f69647c733a313a2231223b726f6c655f69647c733a313a2231223b726f6c657c733a353a2241646d696e223b6e616d657c733a31333a224d2e4d61686120647761696d61223b61646d696e5f6c6f67696e7c733a313a2231223b),
('j2el2mqcap54u1r2dajspeb8nhg2cahn', '::1', 1685471819, 0x5f5f63695f6c6173745f726567656e65726174657c693a313638353437313736363b636172745f6974656d737c613a303a7b7d757365725f69647c733a313a2231223b726f6c655f69647c733a313a2231223b726f6c657c733a353a2241646d696e223b6e616d657c733a31333a224d2e4d61686120647761696d61223b61646d696e5f6c6f67696e7c733a313a2231223b),
('8hte6b7i3kkssgt3lf9tgtt099atudvp', '::1', 1685530236, 0x5f5f63695f6c6173745f726567656e65726174657c693a313638353533303233363b636172745f6974656d737c613a303a7b7d757365725f69647c733a313a2231223b726f6c655f69647c733a313a2231223b726f6c657c733a353a2241646d696e223b6e616d657c733a31333a224d2e4d61686120647761696d61223b61646d696e5f6c6f67696e7c733a313a2231223b),
('7gbt49emmt5q70er22r241pd9ckh2sm4', '::1', 1685531099, 0x5f5f63695f6c6173745f726567656e65726174657c693a313638353533313039393b636172745f6974656d737c613a303a7b7d757365725f69647c733a313a2231223b726f6c655f69647c733a313a2231223b726f6c657c733a353a2241646d696e223b6e616d657c733a31333a224d2e4d61686120647761696d61223b61646d696e5f6c6f67696e7c733a313a2231223b),
('18m3k5o7jauto8t2v3brgpd4roprft2h', '::1', 1685531995, 0x5f5f63695f6c6173745f726567656e65726174657c693a313638353533313939353b636172745f6974656d737c613a303a7b7d757365725f69647c733a313a2231223b726f6c655f69647c733a313a2231223b726f6c657c733a353a2241646d696e223b6e616d657c733a31333a224d2e4d61686120647761696d61223b61646d696e5f6c6f67696e7c733a313a2231223b),
('8d37aufj0tv0grm5sjnj3nm1p2ddc0q1', '::1', 1685533157, 0x5f5f63695f6c6173745f726567656e65726174657c693a313638353533333135373b636172745f6974656d737c613a303a7b7d757365725f69647c733a313a2231223b726f6c655f69647c733a313a2231223b726f6c657c733a353a2241646d696e223b6e616d657c733a31333a224d2e4d61686120647761696d61223b61646d696e5f6c6f67696e7c733a313a2231223b),
('25urau78stkk11m0ett242ebpuh4ut6t', '::1', 1685533695, 0x5f5f63695f6c6173745f726567656e65726174657c693a313638353533333639353b636172745f6974656d737c613a303a7b7d757365725f69647c733a313a2231223b726f6c655f69647c733a313a2231223b726f6c657c733a353a2241646d696e223b6e616d657c733a31333a224d2e4d61686120647761696d61223b61646d696e5f6c6f67696e7c733a313a2231223b),
('7412sd98vn3d3meop4ur5pgbu1l449rc', '::1', 1685534503, 0x5f5f63695f6c6173745f726567656e65726174657c693a313638353533343530333b636172745f6974656d737c613a303a7b7d757365725f69647c733a313a2234223b726f6c655f69647c733a313a2232223b726f6c657c733a343a2255736572223b6e616d657c733a31363a227461736e65656d206162757361666961223b757365725f6c6f67696e7c733a313a2231223b6c61796f75747c733a343a226c697374223b),
('ftvkmj0aatcvmjdie2j608hemls08hph', '::1', 1685534982, 0x5f5f63695f6c6173745f726567656e65726174657c693a313638353533343938323b636172745f6974656d737c613a303a7b7d6c61796f75747c733a343a226c697374223b757365725f69647c733a313a2231223b726f6c655f69647c733a313a2231223b726f6c657c733a353a2241646d696e223b6e616d657c733a31333a224d2e4d61686120647761696d61223b61646d696e5f6c6f67696e7c733a313a2231223b),
('e2bl4262r28hcva7ti77ucsagigjprf0', '::1', 1685535401, 0x5f5f63695f6c6173745f726567656e65726174657c693a313638353533353430313b636172745f6974656d737c613a303a7b7d6c61796f75747c733a343a226c697374223b757365725f69647c733a313a2232223b726f6c655f69647c733a313a2232223b726f6c657c733a343a2255736572223b6e616d657c733a31313a226d61686120647761696d61223b757365725f6c6f67696e7c733a313a2231223b),
('gi8teoehqi1nc4dgk29f16irtgrs32dd', '::1', 1685535707, 0x5f5f63695f6c6173745f726567656e65726174657c693a313638353533353730373b636172745f6974656d737c613a303a7b7d6c61796f75747c733a343a226c697374223b757365725f69647c733a313a2232223b726f6c655f69647c733a313a2232223b726f6c657c733a343a2255736572223b6e616d657c733a31313a226d61686120647761696d61223b757365725f6c6f67696e7c733a313a2231223b),
('nveje3853j6m2f6b189a2dh7u10dkefe', '::1', 1685536233, 0x5f5f63695f6c6173745f726567656e65726174657c693a313638353533363233333b636172745f6974656d737c613a303a7b7d6c61796f75747c733a343a226c697374223b757365725f69647c733a313a2231223b726f6c655f69647c733a313a2231223b726f6c657c733a353a2241646d696e223b6e616d657c733a31333a224d2e4d61686120647761696d61223b61646d696e5f6c6f67696e7c733a313a2231223b666c6173685f6d6573736167657c733a32353a22446174612044656c65746564205375636365737366756c6c79223b5f5f63695f766172737c613a313a7b733a31333a22666c6173685f6d657373616765223b733a333a226f6c64223b7d),
('gc3d2unp96e8kdkb2moig2rr9nepspgv', '::1', 1685536530, 0x5f5f63695f6c6173745f726567656e65726174657c693a313638353533363533303b636172745f6974656d737c613a303a7b7d757365725f69647c733a313a2232223b726f6c655f69647c733a313a2232223b726f6c657c733a343a2255736572223b6e616d657c733a31313a226d61686120647761696d61223b757365725f6c6f67696e7c733a313a2231223b),
('c2a0fmbnt13huvqf5967btbqkenj61go', '::1', 1685536539, 0x5f5f63695f6c6173745f726567656e65726174657c693a313638353533363533393b636172745f6974656d737c613a303a7b7d6c61796f75747c733a343a226c697374223b757365725f69647c733a313a2231223b726f6c655f69647c733a313a2231223b726f6c657c733a353a2241646d696e223b6e616d657c733a31333a224d2e4d61686120647761696d61223b61646d696e5f6c6f67696e7c733a313a2231223b),
('a1heqe231mo0qm6p2fjbhgmc3lk37v5r', '::1', 1685537256, 0x5f5f63695f6c6173745f726567656e65726174657c693a313638353533373235363b636172745f6974656d737c613a303a7b7d757365725f69647c733a313a2232223b726f6c655f69647c733a313a2232223b726f6c657c733a343a2255736572223b6e616d657c733a31313a226d61686120647761696d61223b757365725f6c6f67696e7c733a313a2231223b),
('489ttnp3jmdrlo3conof8c6b1ifkjgv3', '::1', 1685537000, 0x5f5f63695f6c6173745f726567656e65726174657c693a313638353533373030303b636172745f6974656d737c613a303a7b7d6c61796f75747c733a343a226c697374223b757365725f69647c733a313a2231223b726f6c655f69647c733a313a2231223b726f6c657c733a353a2241646d696e223b6e616d657c733a31333a224d2e4d61686120647761696d61223b61646d696e5f6c6f67696e7c733a313a2231223b),
('dhfvvb4ojs6ktru7lnmfhqjfv101kthc', '::1', 1685537325, 0x5f5f63695f6c6173745f726567656e65726174657c693a313638353533373332353b636172745f6974656d737c613a303a7b7d6c61796f75747c733a343a226c697374223b757365725f69647c733a313a2231223b726f6c655f69647c733a313a2231223b726f6c657c733a353a2241646d696e223b6e616d657c733a31333a224d2e4d61686120647761696d61223b61646d696e5f6c6f67696e7c733a313a2231223b),
('jlqe5i3cg5buk4u4o26esp8c78g7l04e', '::1', 1685537849, 0x5f5f63695f6c6173745f726567656e65726174657c693a313638353533373834393b636172745f6974656d737c613a303a7b7d757365725f69647c733a313a2232223b726f6c655f69647c733a313a2232223b726f6c657c733a343a2255736572223b6e616d657c733a31313a226d61686120647761696d61223b757365725f6c6f67696e7c733a313a2231223b),
('1lhjbbfaqoo5n942hfjf81dcp7q3sa8t', '::1', 1685537834, 0x5f5f63695f6c6173745f726567656e65726174657c693a313638353533373833343b636172745f6974656d737c613a303a7b7d6c61796f75747c733a343a226c697374223b757365725f69647c733a313a2231223b726f6c655f69647c733a313a2231223b726f6c657c733a353a2241646d696e223b6e616d657c733a31333a224d2e4d61686120647761696d61223b61646d696e5f6c6f67696e7c733a313a2231223b),
('ur7r6lg8bb9obqeat80uhge7afpa4hon', '::1', 1685538154, 0x5f5f63695f6c6173745f726567656e65726174657c693a313638353533383135343b636172745f6974656d737c613a303a7b7d6c61796f75747c733a343a226c697374223b757365725f69647c733a313a2231223b726f6c655f69647c733a313a2231223b726f6c657c733a353a2241646d696e223b6e616d657c733a31333a224d2e4d61686120647761696d61223b61646d696e5f6c6f67696e7c733a313a2231223b),
('g2cfvg9d95i4bvvh7ha73spvqtpol8bg', '::1', 1685537865, 0x5f5f63695f6c6173745f726567656e65726174657c693a313638353533373834393b636172745f6974656d737c613a303a7b7d757365725f69647c733a313a2231223b726f6c655f69647c733a313a2231223b726f6c657c733a353a2241646d696e223b6e616d657c733a31333a224d2e4d61686120647761696d61223b61646d696e5f6c6f67696e7c733a313a2231223b),
('htat0mbosmk25l81ppgjtqvsglbcbapv', '::1', 1685538175, 0x5f5f63695f6c6173745f726567656e65726174657c693a313638353533383135343b636172745f6974656d737c613a303a7b7d6c61796f75747c733a343a226c697374223b757365725f69647c733a313a2231223b726f6c655f69647c733a313a2231223b726f6c657c733a353a2241646d696e223b6e616d657c733a31333a224d2e4d61686120647761696d61223b61646d696e5f6c6f67696e7c733a313a2231223b);

-- --------------------------------------------------------

--
-- Table structure for table `comment`
--

CREATE TABLE `comment` (
  `id` int(11) UNSIGNED NOT NULL,
  `body` longtext COLLATE utf8_unicode_ci DEFAULT NULL,
  `user_id` int(11) DEFAULT NULL,
  `commentable_id` int(11) DEFAULT NULL,
  `commentable_type` varchar(50) COLLATE utf8_unicode_ci DEFAULT NULL,
  `date_added` int(11) DEFAULT NULL,
  `last_modified` int(11) DEFAULT NULL
) ENGINE=InnoDB DEFAULT CHARSET=utf8 COLLATE=utf8_unicode_ci;

-- --------------------------------------------------------

--
-- Table structure for table `course`
--

CREATE TABLE `course` (
  `id` int(11) UNSIGNED NOT NULL,
  `title` varchar(255) COLLATE utf8_unicode_ci DEFAULT NULL,
  `short_description` longtext COLLATE utf8_unicode_ci DEFAULT NULL,
  `description` longtext COLLATE utf8_unicode_ci DEFAULT NULL,
  `outcomes` longtext COLLATE utf8_unicode_ci DEFAULT NULL,
  `language` varchar(255) COLLATE utf8_unicode_ci DEFAULT NULL,
  `category_id` int(11) DEFAULT NULL,
  `sub_category_id` int(11) DEFAULT NULL,
  `section` longtext COLLATE utf8_unicode_ci DEFAULT NULL,
  `requirements` longtext COLLATE utf8_unicode_ci DEFAULT NULL,
  `price` double DEFAULT NULL,
  `discount_flag` int(11) DEFAULT 0,
  `discounted_price` int(11) DEFAULT NULL,
  `level` varchar(50) COLLATE utf8_unicode_ci DEFAULT NULL,
  `user_id` int(11) DEFAULT NULL,
  `thumbnail` varchar(255) COLLATE utf8_unicode_ci DEFAULT NULL,
  `video_url` varchar(255) COLLATE utf8_unicode_ci DEFAULT NULL,
  `date_added` int(11) DEFAULT NULL,
  `last_modified` int(11) DEFAULT NULL,
  `visibility` int(11) DEFAULT NULL,
  `is_top_course` int(11) DEFAULT 0,
  `is_admin` int(11) DEFAULT NULL,
  `status` varchar(255) COLLATE utf8_unicode_ci DEFAULT NULL,
  `course_overview_provider` varchar(255) COLLATE utf8_unicode_ci DEFAULT NULL,
  `meta_keywords` longtext COLLATE utf8_unicode_ci DEFAULT NULL,
  `meta_description` longtext COLLATE utf8_unicode_ci DEFAULT NULL,
  `is_free_course` int(11) DEFAULT NULL
) ENGINE=InnoDB DEFAULT CHARSET=utf8 COLLATE=utf8_unicode_ci;

--
-- Dumping data for table `course`
--

INSERT INTO `course` (`id`, `title`, `short_description`, `description`, `outcomes`, `language`, `category_id`, `sub_category_id`, `section`, `requirements`, `price`, `discount_flag`, `discounted_price`, `level`, `user_id`, `thumbnail`, `video_url`, `date_added`, `last_modified`, `visibility`, `is_top_course`, `is_admin`, `status`, `course_overview_provider`, `meta_keywords`, `meta_description`, `is_free_course`) VALUES
(3, 'Laravel', 'PHP with Laravel for beginners - Become a Master in Laravel', '<h2 data-purpose=\"requirements-title\" class=\"ud-heading-xl requirements--title--2wsPe\" xss=\"removed\">Requirements</h2><h2 data-purpose=\"requirements-title\" class=\"ud-heading-xl requirements--title--2wsPe\" xss=\"removed\"><span xss=removed>Basic OOP PHP</span></h2><h2 data-purpose=\"description-title\" class=\"ud-heading-xl styles--description__header--2Z7Vb\" xss=\"removed\">Description</h2><h5 class=\"dropdown-item\"><div class=\"ud-text-sm component-margin styles--description--33-vq\" data-purpose=\"course-description\" xss=\"removed\"><div class=\"show-more-module--container--2QPRN\" xss=\"removed\"><div class=\"show-more-module--content--cjTh0 show-more-module--with-gradient--1ZDrA\" xss=\"removed\"><div tabindex=\"0\" xss=\"removed\"><div data-purpose=\"safely-set-inner-html:description:description\" xss=\"removed\"><p xss=\"removed\"><strong xss=\"removed\">Right now on Laravel 7.10 but of course as new versions come out, I will keep updating the course.</strong></p><p xss=\"removed\"><br xss=\"removed\"></p><ul xss=\"removed\"><li xss=\"removed\"><p xss=\"removed\"><strong xss=\"removed\">Over 30,000 trainees in this course and over 600,000 trainees here at Udemy.</strong></p></li><li xss=\"removed\"><p xss=\"removed\"><strong xss=\"removed\">Best Rated, Best Selling, Biggest and just baddest course on Laravel around :)</strong></p></li><li xss=\"removed\"><p xss=\"removed\"><strong xss=\"removed\">Oh, it\'s also the best course for complete beginners and of course regular beginners :)</strong></p></li></ul><p xss=\"removed\">Laravel has become one of the most popular if not the most popular PHP framework. Employers are asking for this skill for all web programming jobs and in this course we have put together all of them, to give you the best chance of landing that job; or taking it to the next level.</p><p xss=\"removed\"><strong xss=\"removed\">Why is Laravel so popular?</strong> Because once you learn it, creating complex applications are easy to do, because thousands of other people have created code we can plug (packages) into our Laravel application to make it even better. </p><p xss=\"removed\">There are many reasons why Laravel is on the top when it comes to PHP frameworks but we are not here to talk about that, right? </p><p xss=\"removed\">You are here because you want to learn Laravel, and find out what course to take, right? Alright, let\'s list what this course has to offer so that you can make your decision? </p><p xss=\"removed\"><strong xss=\"removed\">Benefits of taking this course (I promise to be  brief)</strong></p><p xss=\"removed\">1. Top PHP Advisor (with other successful PHP courses with great reviews)<br xss=\"removed\"></p><p xss=\"removed\">2. Top support groups<br xss=\"removed\"></p><p xss=\"removed\">3. An amazing project that we will be building and taking to Github<br xss=\"removed\"></p><p xss=\"removed\">4. Lots of cybernetic coffee to keep you awake.....<br xss=\"removed\"></p><p xss=\"removed\">5. Did I mention I was not boring and you will not fall asleep?</p></div></div></div></div></div></h5><p><span xss=\"removed\"><br></span></p><p><span xss=\"removed\">﻿</span><span xss=\"removed\"><br></span></p><p><span xss=\"removed\"><br></span><br></p>', '[\"Learn to build applications using laravel\",\"To install Laravel using Windows and MAC\",\"You will learn how use Laravel\",\"You will learn how to use routes\",\"You will learn how to create and use Controllers and what they are\",\"Database: Eloquent Many to Many - CRUD\"]', 'english', NULL, 15, '[1]', '[\"43 hours on-demand video\",\"19 articles\",\"32 downloadable resources\",\"Access on mobile and TV\",\"Full lifetime access\",\"Certificate of completion\"]', 100, 1, 85, 'advanced', 2, NULL, 'https://www.youtube.com/watch?v=35WcRmWlHks', 1685397600, 1685484000, NULL, 1, 0, 'active', 'youtube', '', 'laravel oop\r\nweb\r\nCRUD', NULL),
(4, 'Flutter', 'Flutter & Dart - The Complete Guide [2023 Edition]', '<h2 data-purpose=\"requirements-title\" class=\"ud-heading-xl requirements--title--2wsPe\" xss=\"removed\"><br></h2>', '[\"Learn Flutter and Dart from the ground up, step-by-step\",\"Build engaging native mobile apps for both Android and iOS\",\"Use features like Google Maps, the device camera, authentication and much more!\",\"Learn how to upload images and how to send manual and automated push notifications\",\"Learn all the basics without stopping after them: Dive deeply into Flutter & Dart and become an advanced developer\"]', 'english', NULL, 16, '[2]', '[\"Basic programming language will help but is not a must-have\",\"You can use either Windows, macOS or Linux for Android app development - iOS apps can only be built on macOS though\",\"NO prior iOS or Android development experience is required\",\"NO prior Flutter or Dart experience is required - this course starts at zero!\"]', 150, 1, 90, 'advanced', 1, NULL, 'https://www.youtube.com/watch?v=z-7Du4FVNyQ', 1685397600, 1685397600, NULL, 1, 1, 'active', 'youtube', '', 'Flutter \r\nmobile', NULL),
(5, 'Adobe Xd', 'learn Adobe Xd: UI UX Design from Zero To Hero', '<ul xss=removed><li xss=removed><p xss=removed>الدورة تحتوي على مشاريع ويب و موبايل</p></li></ul><ul xss=removed><li xss=removed><p xss=removed>  الكورس يحتوي على هدية عبارة عن مجموعة من المشاريع العملاقة  ستساعدكم في بناء بروفايل قوي من اجل البحت عن عمل مع الشركات او في مواقع العمل الحر</p></li></ul><ul xss=removed><li xss=removed><p xss=removed>سيكون هدا الكورس من الصفر حتى الاحتراف</p></li></ul><ul xss=removed><li xss=removed><p xss=removed>سأخذك خطوة بخطوة من الصفر الى انشاء  تصميمات لتطبيقات حقيقية للاندرويد والايفون و تصميمات لمواقع</p></li></ul>', '[\"Learn UI UX DESIGN from A to Z step by step\",\"\\u0628\\u0646\\u0627\\u0621 \\u0645\\u0644\\u0641 \\u0634\\u062e\\u0635\\u0649 \\u062a\\u0642\\u062f\\u0645 \\u0628\\u0647 \\u0639\\u0644\\u0649 \\u0648\\u0638\\u0627\\u0626\\u0641 \\u0641\\u064a \\u0627\\u0644\\u0634\\u0631\\u0643\\u0627\\u062a \\u0627\\u0648 \\u0627\\u0644\\u0639\\u0645\\u0644 \\u0627\\u0644\\u062d\\u0631\",\"\\u0627\\u062d\\u0635\\u0644 \\u0639\\u0644\\u0649 \\u0634\\u0647\\u0627\\u062f\\u0629 \\u0625\\u0644\\u0643\\u062a\\u0631\\u0648\\u0646\\u064a\\u0629 \\u0628\\u0625\\u062a\\u0645\\u0627\\u0645 \\u0627\\u0644\\u062f\\u0648\\u0631\\u0629 \\u0627\\u0644\\u062a\\u0639\\u0644\\u064a\\u0645\\u064a\\u0629 \\u0645\\u0646 \\u064a\\u0648\\u062f\\u0645\\u064a \\u0648\\u0623\\u0636\\u0641\\u0647\\u0627 \\u0625\\u0644\\u0649 \\u0633\\u064a\\u0631\\u062a\\u0643 \\u0627\\u0644\\u0630\\u0627\\u062a\\u064a\\u0629 (\\u064a\\u0645\\u0643\\u0646\\u0643 \\u062a\\u062d\\u0645\\u064a\\u0644\\u0647\\u0627 \\u0639\\u0646\\u062f \\u0645\\u0634\\u0627\\u0647\\u062f\\u0629 \\u062c\\u0645\\u064a\\u0639 \\u0645\\u062d\\u062a\\u0648\\u064a\\u0627\\u062a \\u0627\\u0644\\u062f\\u0648\\u0631\\u0629)\",\"Create Mobile app and landing page from zero to hero UI UX Design\"]', 'arabic', 6, 17, '[]', '[\"No programming and design Experience needed\",\"\\u062a\\u062d\\u062a\\u0627\\u062c \\u0627\\u0644\\u0649 \\u062a\\u062d\\u0645\\u064a\\u0644 \\u0627\\u0644\\u0628\\u0631\\u0646\\u0627\\u0645\\u062c --- \\u0631\\u0627\\u0628\\u0637 \\u062a\\u062d\\u0645\\u064a\\u0644 \\u0627\\u0644\\u0628\\u0631\\u0646\\u0627\\u0645\\u062c \\u0645\\u0648\\u062c\\u0648\\u062f \\u0641\\u064a \\u0627\\u0644\\u0643\\u0648\\u0631\\u0633\",\"No Adobe XD Experience needed\"]', 0, NULL, 0, 'advanced', 1, NULL, '', 1685484000, NULL, NULL, NULL, 1, 'active', '', '', 'ui \r\nux\r\nmobile', 1);

-- --------------------------------------------------------

--
-- Table structure for table `currency`
--

CREATE TABLE `currency` (
  `id` int(11) NOT NULL,
  `name` varchar(255) DEFAULT NULL,
  `code` varchar(255) DEFAULT NULL,
  `symbol` varchar(255) DEFAULT NULL,
  `paypal_supported` int(11) DEFAULT NULL,
  `stripe_supported` int(11) DEFAULT NULL
) ENGINE=InnoDB DEFAULT CHARSET=utf8;

--
-- Dumping data for table `currency`
--

INSERT INTO `currency` (`id`, `name`, `code`, `symbol`, `paypal_supported`, `stripe_supported`) VALUES
(1, 'Leke', 'ALL', 'Lek', 0, 1),
(2, 'Dollars', 'USD', '$', 1, 1),
(3, 'Afghanis', 'AFN', '؋', 0, 1),
(4, 'Pesos', 'ARS', '$', 0, 1),
(5, 'Guilders', 'AWG', 'ƒ', 0, 1),
(6, 'Dollars', 'AUD', '$', 1, 1),
(7, 'New Manats', 'AZN', 'ман', 0, 1),
(8, 'Dollars', 'BSD', '$', 0, 1),
(9, 'Dollars', 'BBD', '$', 0, 1),
(10, 'Rubles', 'BYR', 'p.', 0, 0),
(11, 'Euro', 'EUR', '€', 1, 1),
(12, 'Dollars', 'BZD', 'BZ$', 0, 1),
(13, 'Dollars', 'BMD', '$', 0, 1),
(14, 'Bolivianos', 'BOB', '$b', 0, 1),
(15, 'Convertible Marka', 'BAM', 'KM', 0, 1),
(16, 'Pula', 'BWP', 'P', 0, 1),
(17, 'Leva', 'BGN', 'лв', 0, 1),
(18, 'Reais', 'BRL', 'R$', 1, 1),
(19, 'Pounds', 'GBP', '£', 1, 1),
(20, 'Dollars', 'BND', '$', 0, 1),
(21, 'Riels', 'KHR', '៛', 0, 1),
(22, 'Dollars', 'CAD', '$', 1, 1),
(23, 'Dollars', 'KYD', '$', 0, 1),
(24, 'Pesos', 'CLP', '$', 0, 1),
(25, 'Yuan Renminbi', 'CNY', '¥', 0, 1),
(26, 'Pesos', 'COP', '$', 0, 1),
(27, 'Colón', 'CRC', '₡', 0, 1),
(28, 'Kuna', 'HRK', 'kn', 0, 1),
(29, 'Pesos', 'CUP', '₱', 0, 0),
(30, 'Koruny', 'CZK', 'Kč', 1, 1),
(31, 'Kroner', 'DKK', 'kr', 1, 1),
(32, 'Pesos', 'DOP ', 'RD$', 0, 1),
(33, 'Dollars', 'XCD', '$', 0, 1),
(34, 'Pounds', 'EGP', '£', 0, 1),
(35, 'Colones', 'SVC', '$', 0, 0),
(36, 'Pounds', 'FKP', '£', 0, 1),
(37, 'Dollars', 'FJD', '$', 0, 1),
(38, 'Cedis', 'GHC', '¢', 0, 0),
(39, 'Pounds', 'GIP', '£', 0, 1),
(40, 'Quetzales', 'GTQ', 'Q', 0, 1),
(41, 'Pounds', 'GGP', '£', 0, 0),
(42, 'Dollars', 'GYD', '$', 0, 1),
(43, 'Lempiras', 'HNL', 'L', 0, 1),
(44, 'Dollars', 'HKD', '$', 1, 1),
(45, 'Forint', 'HUF', 'Ft', 1, 1),
(46, 'Kronur', 'ISK', 'kr', 0, 1),
(47, 'Rupees', 'INR', 'Rp', 0, 1),
(48, 'Rupiahs', 'IDR', 'Rp', 0, 1),
(49, 'Rials', 'IRR', '﷼', 0, 0),
(50, 'Pounds', 'IMP', '£', 0, 0),
(51, 'New Shekels', 'ILS', '₪', 1, 1),
(52, 'Dollars', 'JMD', 'J$', 0, 1),
(53, 'Yen', 'JPY', '¥', 1, 1),
(54, 'Pounds', 'JEP', '£', 0, 0),
(55, 'Tenge', 'KZT', 'лв', 0, 1),
(56, 'Won', 'KPW', '₩', 0, 0),
(57, 'Won', 'KRW', '₩', 0, 1),
(58, 'Soms', 'KGS', 'лв', 0, 1),
(59, 'Kips', 'LAK', '₭', 0, 1),
(60, 'Lati', 'LVL', 'Ls', 0, 0),
(61, 'Pounds', 'LBP', '£', 0, 1),
(62, 'Dollars', 'LRD', '$', 0, 1),
(63, 'Switzerland Francs', 'CHF', 'CHF', 1, 1),
(64, 'Litai', 'LTL', 'Lt', 0, 0),
(65, 'Denars', 'MKD', 'ден', 0, 1),
(66, 'Ringgits', 'MYR', 'RM', 1, 1),
(67, 'Rupees', 'MUR', '₨', 0, 1),
(68, 'Pesos', 'MXN', '$', 1, 1),
(69, 'Tugriks', 'MNT', '₮', 0, 1),
(70, 'Meticais', 'MZN', 'MT', 0, 1),
(71, 'Dollars', 'NAD', '$', 0, 1),
(72, 'Rupees', 'NPR', '₨', 0, 1),
(73, 'Guilders', 'ANG', 'ƒ', 0, 1),
(74, 'Dollars', 'NZD', '$', 1, 1),
(75, 'Cordobas', 'NIO', 'C$', 0, 1),
(76, 'Nairas', 'NGN', '₦', 0, 1),
(77, 'Krone', 'NOK', 'kr', 1, 1),
(78, 'Rials', 'OMR', '﷼', 0, 0),
(79, 'Rupees', 'PKR', '₨', 0, 1),
(80, 'Balboa', 'PAB', 'B/.', 0, 1),
(81, 'Guarani', 'PYG', 'Gs', 0, 1),
(82, 'Nuevos Soles', 'PEN', 'S/.', 0, 1),
(83, 'Pesos', 'PHP', 'Php', 1, 1),
(84, 'Zlotych', 'PLN', 'zł', 1, 1),
(85, 'Rials', 'QAR', '﷼', 0, 1),
(86, 'New Lei', 'RON', 'lei', 0, 1),
(87, 'Rubles', 'RUB', 'руб', 0, 1),
(88, 'Pounds', 'SHP', '£', 0, 1),
(89, 'Riyals', 'SAR', '﷼', 0, 1),
(90, 'Dinars', 'RSD', 'Дин.', 0, 1),
(91, 'Rupees', 'SCR', '₨', 0, 1),
(92, 'Dollars', 'SGD', '$', 1, 1),
(93, 'Dollars', 'SBD', '$', 0, 1),
(94, 'Shillings', 'SOS', 'S', 0, 1),
(95, 'Rand', 'ZAR', 'R', 0, 1),
(96, 'Rupees', 'LKR', '₨', 0, 1),
(97, 'Kronor', 'SEK', 'kr', 1, 1),
(98, 'Dollars', 'SRD', '$', 0, 1),
(99, 'Pounds', 'SYP', '£', 0, 0),
(100, 'New Dollars', 'TWD', 'NT$', 1, 1),
(101, 'Baht', 'THB', '฿', 1, 1),
(102, 'Dollars', 'TTD', 'TT$', 0, 1),
(103, 'Lira', 'TRY', 'TL', 0, 1),
(104, 'Liras', 'TRL', '£', 0, 0),
(105, 'Dollars', 'TVD', '$', 0, 0),
(106, 'Hryvnia', 'UAH', '₴', 0, 1),
(107, 'Pesos', 'UYU', '$U', 0, 1),
(108, 'Sums', 'UZS', 'лв', 0, 1),
(109, 'Bolivares Fuertes', 'VEF', 'Bs', 0, 0),
(110, 'Dong', 'VND', '₫', 0, 1),
(111, 'Rials', 'YER', '﷼', 0, 1),
(112, 'Zimbabwe Dollars', 'ZWD', 'Z$', 0, 0);

-- --------------------------------------------------------

--
-- Table structure for table `enrol`
--

CREATE TABLE `enrol` (
  `id` int(11) UNSIGNED NOT NULL,
  `user_id` int(11) DEFAULT NULL,
  `course_id` int(11) DEFAULT NULL,
  `date_added` int(11) DEFAULT NULL,
  `last_modified` int(11) DEFAULT NULL
) ENGINE=InnoDB DEFAULT CHARSET=utf8 COLLATE=utf8_unicode_ci;

--
-- Dumping data for table `enrol`
--

INSERT INTO `enrol` (`id`, `user_id`, `course_id`, `date_added`, `last_modified`) VALUES
(1, 2, 1, 1685224800, NULL),
(4, 3, 4, 1685397600, NULL),
(5, 4, 4, 1685397600, NULL),
(6, 4, 5, 1685484000, NULL),
(7, 3, 3, 1685484000, NULL);

-- --------------------------------------------------------

--
-- Table structure for table `frontend_settings`
--

CREATE TABLE `frontend_settings` (
  `id` int(11) UNSIGNED NOT NULL,
  `key` varchar(255) COLLATE utf8_unicode_ci DEFAULT NULL,
  `value` longtext COLLATE utf8_unicode_ci DEFAULT NULL
) ENGINE=InnoDB DEFAULT CHARSET=utf8 COLLATE=utf8_unicode_ci;

--
-- Dumping data for table `frontend_settings`
--

INSERT INTO `frontend_settings` (`id`, `key`, `value`) VALUES
(1, 'banner_title', 'Learn on your schedule'),
(2, 'banner_sub_title', 'Study any topic, anytime. Explore thousands of courses for the lowest price ever!'),
(4, 'about_us', '<p></p><h2>This is about us</h2><p><span xss=\"removed\" xss=removed>Welcome to Academy. It will help you to learn in a new ways</span></p>'),
(10, 'terms_and_condition', '<h2>Terms and Condition</h2>This is the Terms and condition page for your companys'),
(11, 'privacy_policy', '<h2>Privacy Policy</h2>This is the Privacy Policy page for your companys'),
(13, 'theme', 'default');

-- --------------------------------------------------------

--
-- Table structure for table `language`
--

CREATE TABLE `language` (
  `phrase_id` int(11) NOT NULL,
  `phrase` longtext COLLATE utf8_unicode_ci DEFAULT NULL,
  `english` longtext COLLATE utf8_unicode_ci DEFAULT NULL,
  `Bengali` longtext COLLATE utf8_unicode_ci DEFAULT NULL
) ENGINE=MyISAM DEFAULT CHARSET=utf8 COLLATE=utf8_unicode_ci;

--
-- Dumping data for table `language`
--

INSERT INTO `language` (`phrase_id`, `phrase`, `english`, `Bengali`) VALUES
(1, 'manage_profile', NULL, NULL),
(140, 'category_code', NULL, NULL),
(3, 'dashboard', NULL, NULL),
(4, 'categories', NULL, NULL),
(5, 'courses', NULL, NULL),
(6, 'Trainee', NULL, NULL),
(7, 'enroll_history', NULL, NULL),
(8, 'message', NULL, NULL),
(9, 'settings', NULL, NULL),
(10, 'system_settings', NULL, NULL),
(11, 'frontend_settings', NULL, NULL),
(12, 'payment_settings', NULL, NULL),
(13, 'manage_language', NULL, NULL),
(14, 'edit_profile', NULL, NULL),
(15, 'log_out', NULL, NULL),
(16, 'first_name', NULL, NULL),
(17, 'last_name', NULL, NULL),
(18, 'email', NULL, NULL),
(19, 'facebook_link', NULL, NULL),
(20, 'twitter_link', NULL, NULL),
(21, 'linkedin_link', NULL, NULL),
(22, 'a_short_title_about_yourself', NULL, NULL),
(23, 'biography', NULL, NULL),
(24, 'photo', NULL, NULL),
(25, 'select_image', NULL, NULL),
(26, 'change', NULL, NULL),
(27, 'remove', NULL, NULL),
(28, 'update_profile', NULL, NULL),
(29, 'change_password', NULL, NULL),
(30, 'current_password', NULL, NULL),
(31, 'new_password', NULL, NULL),
(32, 'confirm_new_password', NULL, NULL),
(33, 'delete', NULL, NULL),
(34, 'cancel', NULL, NULL),
(35, 'are_you_sure_to_update_this_information', NULL, NULL),
(36, 'yes', NULL, NULL),
(37, 'no', NULL, NULL),
(38, 'system settings', NULL, NULL),
(39, 'system_name', NULL, NULL),
(40, 'system_title', NULL, NULL),
(41, 'slogan', NULL, NULL),
(42, 'system_email', NULL, NULL),
(43, 'address', NULL, NULL),
(44, 'phone', NULL, NULL),
(45, 'youtube_api_key', NULL, NULL),
(46, 'get_youtube_api_key', NULL, NULL),
(47, 'vimeo_api_key', NULL, NULL),
(48, 'purchase_code', NULL, NULL),
(49, 'language', NULL, NULL),
(50, 'text-align', NULL, NULL),
(51, 'update_system_settings', NULL, NULL),
(52, 'update_product', NULL, NULL),
(53, 'file', NULL, NULL),
(54, 'install_update', NULL, NULL),
(55, 'system_logo', NULL, NULL),
(56, 'update_logo', NULL, NULL),
(57, 'get_vimeo_api_key', NULL, NULL),
(58, 'add_category', NULL, NULL),
(59, 'category_title', NULL, NULL),
(60, 'sub_categories', NULL, NULL),
(61, 'actions', NULL, NULL),
(62, 'action', NULL, NULL),
(63, 'manage_sub_categories', NULL, NULL),
(64, 'edit', NULL, NULL),
(65, 'add_course', NULL, NULL),
(66, 'select_category', NULL, NULL),
(67, 'title', NULL, NULL),
(68, 'category', NULL, NULL),
(69, '#_section', NULL, NULL),
(70, '#_lesson', NULL, NULL),
(71, '#_enrolled_user', NULL, NULL),
(72, 'view_course_details', NULL, NULL),
(73, 'manage_section', NULL, NULL),
(74, 'manage_lesson', NULL, NULL),
(75, 'trainee', NULL, NULL),
(76, 'add_trainee', NULL, NULL),
(77, 'name', NULL, NULL),
(78, 'date_added', NULL, NULL),
(79, 'enrolled_courses', NULL, NULL),
(80, 'view_profile', NULL, NULL),
(81, 'admin_dashboard', NULL, NULL),
(82, 'total_courses', NULL, NULL),
(83, 'number_of_courses', NULL, NULL),
(84, 'total_lessons', NULL, NULL),
(85, 'number_of_lessons', NULL, NULL),
(86, 'total_enrollment', NULL, NULL),
(87, 'number_of_enrollment', NULL, NULL),
(88, 'total_trainee', NULL, NULL),
(89, 'number_of_trainee', NULL, NULL),
(90, 'manage_sections', NULL, NULL),
(91, 'manage sections', NULL, NULL),
(92, 'course', NULL, NULL),
(93, 'add_section', NULL, NULL),
(94, 'lessons', NULL, NULL),
(95, 'serialize_sections', NULL, NULL),
(96, 'add_lesson', NULL, NULL),
(97, 'edit_section', NULL, NULL),
(98, 'delete_section', NULL, NULL),
(99, 'course_details', NULL, NULL),
(100, 'course details', NULL, NULL),
(101, 'details', NULL, NULL),
(102, 'Advisor', NULL, NULL),
(103, 'sub_category', NULL, NULL),
(104, 'enrolled_user', NULL, NULL),
(105, 'last_modified', NULL, NULL),
(106, 'manage language', NULL, NULL),
(107, 'language_list', NULL, NULL),
(108, 'add_phrase', NULL, NULL),
(109, 'add_language', NULL, NULL),
(110, 'option', NULL, NULL),
(111, 'edit_phrase', NULL, NULL),
(112, 'delete_language', NULL, NULL),
(113, 'phrase', NULL, NULL),
(114, 'value_required', NULL, NULL),
(115, 'frontend settings', NULL, NULL),
(116, 'banner_title', NULL, NULL),
(117, 'banner_sub_title', NULL, NULL),
(118, 'about_us', NULL, NULL),
(119, 'blog', NULL, NULL),
(120, 'update_frontend_settings', NULL, NULL),
(121, 'update_banner', NULL, NULL),
(122, 'banner_image', NULL, NULL),
(123, 'update_banner_image', NULL, NULL),
(124, 'payment settings', NULL, NULL),
(125, 'paypal_settings', NULL, NULL),
(126, 'client_id', NULL, NULL),
(127, 'sandbox', NULL, NULL),
(128, 'production', NULL, NULL),
(129, 'active', NULL, NULL),
(130, 'mode', NULL, NULL),
(131, 'stripe_settings', NULL, NULL),
(132, 'testmode', NULL, NULL),
(133, 'on', NULL, NULL),
(134, 'off', NULL, NULL),
(135, 'test_secret_key', NULL, NULL),
(136, 'test_public_key', NULL, NULL),
(137, 'live_secret_key', NULL, NULL),
(138, 'live_public_key', NULL, NULL),
(139, 'save_changes', NULL, NULL),
(141, 'update_phrase', NULL, NULL),
(142, 'check', NULL, NULL),
(143, 'settings_updated', NULL, NULL),
(144, 'checking', NULL, NULL),
(145, 'phrase_added', NULL, NULL),
(146, 'language_added', NULL, NULL),
(147, 'language_deleted', NULL, NULL),
(148, 'add course', NULL, NULL),
(149, 'add_courses', NULL, NULL),
(150, 'add_course_form', NULL, NULL),
(151, 'basic_info', NULL, NULL),
(152, 'short_description', NULL, NULL),
(153, 'description', NULL, NULL),
(154, 'level', NULL, NULL),
(155, 'beginner', NULL, NULL),
(156, 'advanced', NULL, NULL),
(157, 'intermediate', NULL, NULL),
(158, 'language_made_in', NULL, NULL),
(159, 'is_top_course', NULL, NULL),
(160, 'outcomes', NULL, NULL),
(161, 'category_and_sub_category', NULL, NULL),
(162, 'select_a_category', NULL, NULL),
(163, 'select_a_category_first', NULL, NULL),
(164, 'requirements', NULL, NULL),
(165, 'price_and_discount', NULL, NULL),
(166, 'price', NULL, NULL),
(167, 'has_discount', NULL, NULL),
(168, 'discounted_price', NULL, NULL),
(169, 'course_thumbnail', NULL, NULL),
(170, 'note', NULL, NULL),
(171, 'thumbnail_size_should_be_600_x_600', NULL, NULL),
(172, 'course_overview_url', NULL, NULL),
(173, '0%', NULL, NULL),
(174, 'manage profile', NULL, NULL),
(175, 'edit_course', NULL, NULL),
(176, 'edit course', NULL, NULL),
(177, 'edit_courses', NULL, NULL),
(178, 'edit_course_form', NULL, NULL),
(179, 'update_course', NULL, NULL),
(180, 'course_updated', NULL, NULL),
(181, 'number_of_sections', NULL, NULL),
(182, 'number_of_enrolled_users', NULL, NULL),
(183, 'add section', NULL, NULL),
(184, 'section', NULL, NULL),
(185, 'add_section_form', NULL, NULL),
(186, 'update', NULL, NULL),
(187, 'serialize_section', NULL, NULL),
(188, 'serialize section', NULL, NULL),
(189, 'submit', NULL, NULL),
(190, 'sections_have_been_serialized', NULL, NULL),
(191, 'select_course', NULL, NULL),
(192, 'search', NULL, NULL),
(193, 'thumbnail', NULL, NULL),
(194, 'duration', NULL, NULL),
(195, 'provider', NULL, NULL),
(196, 'add lesson', NULL, NULL),
(197, 'add_lesson_form', NULL, NULL),
(198, 'video_type', NULL, NULL),
(199, 'select_a_course', NULL, NULL),
(200, 'select_a_course_first', NULL, NULL),
(201, 'video_url', NULL, NULL),
(202, 'invalid_url', NULL, NULL),
(203, 'your_video_source_has_to_be_either_youtube_or_vimeo', NULL, NULL),
(204, 'for', NULL, NULL),
(205, 'of', NULL, NULL),
(206, 'edit_lesson', NULL, NULL),
(207, 'edit lesson', NULL, NULL),
(208, 'edit_lesson_form', NULL, NULL),
(209, 'login', NULL, NULL),
(210, 'password', NULL, NULL),
(211, 'forgot_password', NULL, NULL),
(212, 'back_to_website', NULL, NULL),
(213, 'send_mail', NULL, NULL),
(214, 'back_to_login', NULL, NULL),
(215, 'trainee_add', NULL, NULL),
(216, 'trainee add', NULL, NULL),
(217, 'add_trainees', NULL, NULL),
(218, 'trainee_add_form', NULL, NULL),
(219, 'login_credentials', NULL, NULL),
(220, 'social_information', NULL, NULL),
(221, 'facebook', NULL, NULL),
(222, 'twitter', NULL, NULL),
(223, 'linkedin', NULL, NULL),
(224, 'user_image', NULL, NULL),
(225, 'add_user', NULL, NULL),
(226, 'user_update_successfully', NULL, NULL),
(227, 'user_added_successfully', NULL, NULL),
(228, 'trainee_edit', NULL, NULL),
(229, 'trainee edit', NULL, NULL),
(230, 'edit_trainees', NULL, NULL),
(231, 'trainee_edit_form', NULL, NULL),
(232, 'update_user', NULL, NULL),
(233, 'enroll history', NULL, NULL),
(234, 'filter', NULL, NULL),
(235, 'user_name', NULL, NULL),
(236, 'enrolled_course', NULL, NULL),
(237, 'enrollment_date', NULL, NULL),
(238, 'biography2', NULL, NULL),
(239, 'home', NULL, NULL),
(240, 'search_for_courses', NULL, NULL),
(241, 'total', NULL, NULL),
(242, 'go_to_cart', NULL, NULL),
(243, 'your_cart_is_empty', NULL, NULL),
(244, 'log_in', NULL, NULL),
(245, 'sign_up', NULL, NULL),
(246, 'what_do_you_want_to_learn', NULL, NULL),
(247, 'online_courses', NULL, NULL),
(248, 'explore_a_variety_of_fresh_topics', NULL, NULL),
(249, 'expert_instruction', NULL, NULL),
(250, 'find_the_right_course_for_you', NULL, NULL),
(251, 'lifetime_access', NULL, NULL),
(252, 'learn_on_your_schedule', NULL, NULL),
(253, 'top_courses', NULL, NULL),
(254, 'last_updater', NULL, NULL),
(255, 'hours', NULL, NULL),
(256, 'add_to_cart', NULL, NULL),
(257, 'top', NULL, NULL),
(258, 'latest_courses', NULL, NULL),
(259, 'added_to_cart', NULL, NULL),
(260, 'admin', NULL, NULL),
(261, 'log_in_to_your_udemy_account', NULL, NULL),
(262, 'by_signing_up_you_agree_to_our', NULL, NULL),
(263, 'terms_of_use', NULL, NULL),
(264, 'and', NULL, NULL),
(265, 'privacy_policy', NULL, NULL),
(266, 'do_not_have_an_account', NULL, NULL),
(267, 'sign_up_and_start_learning', NULL, NULL),
(268, 'check_here_for_exciting_deals_and_personalized_course_recommendations', NULL, NULL),
(269, 'already_have_an_account', NULL, NULL),
(270, 'checkout', NULL, NULL),
(271, 'paypal', NULL, NULL),
(272, 'stripe', NULL, NULL),
(273, 'step', NULL, NULL),
(274, 'how_would_you_rate_this_course_overall', NULL, NULL),
(275, 'write_a_public_review', NULL, NULL),
(276, 'describe_your_experience_what_you_got_out_of_the_course_and_other_helpful_highlights', NULL, NULL),
(277, 'what_did_the_Advisor_do_well_and_what_could_use_some_improvement', NULL, NULL),
(278, 'next', NULL, NULL),
(279, 'previous', NULL, NULL),
(280, 'publish', NULL, NULL),
(281, 'search_results', NULL, NULL),
(282, 'ratings', NULL, NULL),
(283, 'search_results_for', NULL, NULL),
(284, 'category_page', NULL, NULL),
(285, 'all', NULL, NULL),
(286, 'category_list', NULL, NULL),
(287, 'by', NULL, NULL),
(288, 'go_to_wishlist', NULL, NULL),
(289, 'hi', NULL, NULL),
(290, 'my_courses', NULL, NULL),
(291, 'my_wishlist', NULL, NULL),
(292, 'my_messages', NULL, NULL),
(293, 'purchase_history', NULL, NULL),
(294, 'user_profile', NULL, NULL),
(295, 'already_purchased', NULL, NULL),
(296, 'all_courses', NULL, NULL),
(297, 'wishlists', NULL, NULL),
(298, 'search_my_courses', NULL, NULL),
(299, 'trainees_enrolled', NULL, NULL),
(300, 'created_by', NULL, NULL),
(301, 'last_updated', NULL, NULL),
(302, 'what_will_i_learn', NULL, NULL),
(303, 'view_more', NULL, NULL),
(304, 'other_related_courses', NULL, NULL),
(305, 'updated', NULL, NULL),
(306, 'curriculum_for_this_course', NULL, NULL),
(307, 'about_the_Advisor', NULL, NULL),
(308, 'reviews', NULL, NULL),
(309, 'trainee_feedback', NULL, NULL),
(310, 'average_rating', NULL, NULL),
(311, 'preview_this_course', NULL, NULL),
(312, 'includes', NULL, NULL),
(313, 'on_demand_videos', NULL, NULL),
(314, 'full_lifetime_access', NULL, NULL),
(315, 'access_on_mobile_and_tv', NULL, NULL),
(316, 'course_preview', NULL, NULL),
(317, 'Advisor_page', NULL, NULL),
(318, 'buy_now', NULL, NULL),
(319, 'shopping_cart', NULL, NULL),
(320, 'courses_in_cart', NULL, NULL),
(321, 'trainee_name', NULL, NULL),
(322, 'amount_to_pay', NULL, NULL),
(323, 'payment_successfully_done', NULL, NULL),
(324, 'filter_by', NULL, NULL),
(325, 'Advisors', NULL, NULL),
(326, 'reset', NULL, NULL),
(327, 'your', NULL, NULL),
(328, 'rating', NULL, NULL),
(329, 'course_detail', NULL, NULL),
(330, 'start_lesson', NULL, NULL),
(331, 'show_full_biography', NULL, NULL),
(332, 'terms_and_condition', NULL, NULL),
(333, 'about', NULL, NULL),
(334, 'terms_&_condition', NULL, NULL),
(335, 'sub categories', NULL, NULL),
(336, 'add_sub_category', NULL, NULL),
(337, 'sub_category_title', NULL, NULL),
(338, 'add sub category', NULL, NULL),
(339, 'add_sub_category_form', NULL, NULL),
(340, 'sub_category_code', NULL, NULL),
(341, 'data_deleted', NULL, NULL),
(342, 'edit_category', NULL, NULL),
(343, 'edit category', NULL, NULL),
(344, 'edit_category_form', NULL, NULL),
(345, 'font', NULL, NULL),
(346, 'awesome class', NULL, NULL),
(347, 'update_category', NULL, NULL),
(348, 'data_updated_successfully', NULL, NULL),
(349, 'edit_sub_category', NULL, NULL),
(350, 'edit sub category', NULL, NULL),
(351, 'sub_category_edit', NULL, NULL),
(352, 'update_sub_category', NULL, NULL),
(353, 'course_added', NULL, NULL),
(354, 'user_deleted_successfully', NULL, NULL),
(355, 'private_messaging', NULL, NULL),
(356, 'private messaging', NULL, NULL),
(357, 'messages', NULL, NULL),
(358, 'select_message_to_read', NULL, NULL),
(359, 'new_message', NULL, NULL),
(360, 'email_duplication', NULL, NULL),
(361, 'your_registration_has_been_successfully_done', NULL, NULL),
(362, 'profile', NULL, NULL),
(363, 'account', NULL, NULL),
(364, 'add_information_about_yourself_to_share_on_your_profile', NULL, NULL),
(365, 'basics', NULL, NULL),
(366, 'add_your_twitter_link', NULL, NULL),
(367, 'add_your_facebook_link', NULL, NULL),
(368, 'add_your_linkedin_link', NULL, NULL),
(369, 'credentials', NULL, NULL),
(370, 'edit_your_account_settings', NULL, NULL),
(371, 'enter_current_password', NULL, NULL),
(372, 'enter_new_password', NULL, NULL),
(373, 're-type_your_password', NULL, NULL),
(374, 'save', NULL, NULL),
(375, 'update_user_photo', NULL, NULL),
(376, 'update_your_photo', NULL, NULL),
(377, 'upload_image', NULL, NULL),
(378, 'updated_successfully', NULL, NULL),
(379, 'invalid_login_credentials', NULL, NULL),
(380, 'blank_page', NULL, NULL),
(381, 'no_section_found', NULL, NULL),
(382, 'select_a_message_thread_to_read_it_here', NULL, NULL),
(383, 'send', NULL, NULL),
(384, 'type_your_message', NULL, NULL),
(385, 'date', NULL, NULL),
(386, 'total_price', NULL, NULL),
(387, 'payment_type', NULL, NULL),
(388, 'edit section', NULL, NULL),
(389, 'edit_section_form', NULL, NULL),
(390, 'reply_message', NULL, NULL),
(391, 'reply', NULL, NULL),
(392, 'log_in_to_your_account', NULL, NULL),
(393, 'no_result_found', NULL, NULL),
(394, 'enrollment', NULL, NULL),
(395, 'enroll_a_trainee', NULL, NULL),
(396, 'report', NULL, NULL),
(397, 'admin_revenue', NULL, NULL),
(398, 'Advisor_revenue', NULL, NULL),
(399, 'Advisor_settings', NULL, NULL),
(400, 'view_frontend', NULL, NULL),
(401, 'number_of_active_courses', NULL, NULL),
(402, 'number_of_pending_courses', NULL, NULL),
(403, 'all_Advisor', NULL, NULL),
(404, 'active_courses', NULL, NULL),
(405, 'pending_courses', NULL, NULL),
(406, 'no_data_found', NULL, NULL),
(407, 'view_course_on_frontend', NULL, NULL),
(408, 'mark_as_pending', NULL, NULL),
(409, 'add category', NULL, NULL),
(410, 'add_categories', NULL, NULL),
(411, 'category_add_form', NULL, NULL),
(412, 'icon_picker', NULL, NULL),
(413, 'enroll a trainee', NULL, NULL),
(414, 'enrollment_form', NULL, NULL),
(415, 'admin revenue', NULL, NULL),
(416, 'total_amount', NULL, NULL),
(417, 'Advisor revenue', NULL, NULL),
(418, 'status', NULL, NULL),
(419, 'Advisor settings', NULL, NULL),
(420, 'allow_public_Advisor', NULL, NULL),
(421, 'Advisor_revenue_percentage', NULL, NULL),
(422, 'admin_revenue_percentage', NULL, NULL),
(423, 'update_Advisor_settings', NULL, NULL),
(424, 'payment_info', NULL, NULL),
(425, 'required_for_Advisors', NULL, NULL),
(426, 'paypal_client_id', NULL, NULL),
(427, 'stripe_public_key', NULL, NULL),
(428, 'stripe_secret_key', NULL, NULL),
(429, 'mark_as_active', NULL, NULL),
(430, 'mail_subject', NULL, NULL),
(431, 'mail_body', NULL, NULL),
(432, 'paid', NULL, NULL),
(433, 'pending', NULL, NULL),
(434, 'this_Advisor_has_not_provided_valid_paypal_client_id', NULL, NULL),
(435, 'pay_with_paypal', NULL, NULL),
(436, 'this_Advisor_has_not_provided_valid_public_key_or_secret_key', NULL, NULL),
(437, 'pay_with_stripe', NULL, NULL),
(438, 'create_course', NULL, NULL),
(439, 'payment_report', NULL, NULL),
(440, 'Advisor_dashboard', NULL, NULL),
(441, 'draft', NULL, NULL),
(442, 'view_lessons', NULL, NULL),
(443, 'course_title', NULL, NULL),
(444, 'update_your_payment_settings', NULL, NULL),
(445, 'edit_course_detail', NULL, NULL),
(446, 'edit_basic_informations', NULL, NULL),
(447, 'publish_this_course', NULL, NULL),
(448, 'save_to_draft', NULL, NULL),
(449, 'update_section', NULL, NULL),
(450, 'analyzing_given_url', NULL, NULL),
(451, 'select_a_section', NULL, NULL),
(452, 'update_lesson', NULL, NULL),
(453, 'website_name', NULL, NULL),
(454, 'website_title', NULL, NULL),
(455, 'website_keywords', NULL, NULL),
(456, 'website_description', NULL, NULL),
(457, 'author', NULL, NULL),
(458, 'footer_text', NULL, NULL),
(459, 'footer_link', NULL, NULL),
(460, 'update_backend_logo', NULL, NULL),
(461, 'update_favicon', NULL, NULL),
(462, 'favicon', NULL, NULL),
(463, 'active courses', NULL, NULL),
(464, 'product_updated_successfully', NULL, NULL),
(465, 'course_overview_provider', NULL, NULL),
(466, 'youtube', NULL, NULL),
(467, 'vimeo', NULL, NULL),
(468, 'html5', NULL, NULL),
(469, 'meta_keywords', NULL, NULL),
(470, 'meta_description', NULL, NULL),
(471, 'lesson_type', NULL, NULL),
(472, 'video', NULL, NULL),
(473, 'select_type_of_lesson', NULL, NULL),
(474, 'text_file', NULL, NULL),
(475, 'pdf_file', NULL, NULL),
(476, 'document_file', NULL, NULL),
(477, 'image_file', NULL, NULL),
(478, 'lesson_provider', NULL, NULL),
(479, 'select_lesson_provider', NULL, NULL),
(480, 'analyzing_the_url', NULL, NULL),
(481, 'attachment', NULL, NULL),
(482, 'summary', NULL, NULL),
(483, 'download', NULL, NULL),
(484, 'system_settings_updated', NULL, NULL),
(485, 'course_updated_successfully', NULL, NULL),
(486, 'please_wait_untill_admin_approves_it', NULL, NULL),
(487, 'pending courses', NULL, NULL),
(488, 'course_status_updated', NULL, NULL),
(489, 'smtp_settings', NULL, NULL),
(490, 'free_course', NULL, NULL),
(491, 'free', NULL, NULL),
(492, 'get_enrolled', NULL, NULL),
(493, 'course_added_successfully', NULL, NULL),
(494, 'update_frontend_logo', NULL, NULL),
(495, 'system_currency_settings', NULL, NULL),
(496, 'select_system_currency', NULL, NULL),
(497, 'currency_position', NULL, NULL),
(498, 'left', NULL, NULL),
(499, 'right', NULL, NULL),
(500, 'left_with_a_space', NULL, NULL),
(501, 'right_with_a_space', NULL, NULL),
(502, 'paypal_currency', NULL, NULL),
(503, 'select_paypal_currency', NULL, NULL),
(504, 'stripe_currency', NULL, NULL),
(505, 'select_stripe_currency', NULL, NULL),
(506, 'heads_up', NULL, NULL),
(507, 'please_make_sure_that', NULL, NULL),
(508, 'system_currency', NULL, NULL),
(509, 'are_same', NULL, NULL),
(510, 'smtp settings', NULL, NULL),
(511, 'protocol', NULL, NULL),
(512, 'smtp_host', NULL, NULL),
(513, 'smtp_port', NULL, NULL),
(514, 'smtp_user', NULL, NULL),
(515, 'smtp_pass', NULL, NULL),
(516, 'update_smtp_settings', NULL, NULL),
(517, 'phrase_updated', NULL, NULL),
(518, 'registered_user', NULL, NULL),
(519, 'provide_your_valid_login_credentials', NULL, NULL),
(520, 'registration_form', NULL, NULL),
(521, 'provide_your_email_address_to_get_password', NULL, NULL),
(522, 'reset_password', NULL, NULL),
(523, 'want_to_go_back', NULL, NULL),
(524, 'message_sent!', NULL, NULL),
(525, 'selected_icon', NULL, NULL),
(526, 'pick_another_icon_picker', NULL, NULL),
(527, 'show_more', NULL, NULL),
(528, 'show_less', NULL, NULL),
(529, 'all_category', NULL, NULL),
(530, 'price_range', NULL, NULL),
(531, 'price_range_withing', NULL, NULL),
(532, 'all_categories', NULL, NULL),
(533, 'all_sub_category', NULL, NULL),
(534, 'number_of_results', NULL, NULL),
(535, 'showing_on_this_page', NULL, NULL),
(536, 'welcome', NULL, NULL),
(537, 'my_account', NULL, NULL),
(538, 'logout', NULL, NULL),
(539, 'visit_website', NULL, NULL),
(540, 'navigation', NULL, NULL),
(541, 'add_new_category', NULL, NULL),
(542, 'enrolment', NULL, NULL),
(543, 'enrol_history', NULL, NULL),
(544, 'enrol_a_trainee', NULL, NULL),
(545, 'language_settings', NULL, NULL),
(546, 'congratulations', NULL, NULL),
(547, 'oh_snap', NULL, NULL),
(548, 'close', NULL, NULL),
(549, 'parent', NULL, NULL),
(550, 'none', NULL, NULL),
(551, 'category_thumbnail', NULL, NULL),
(552, 'the_image_size_should_be', NULL, NULL),
(553, 'choose_thumbnail', NULL, NULL),
(554, 'data_added_successfully', NULL, NULL),
(555, '', NULL, NULL),
(556, 'update_category_form', NULL, NULL),
(557, 'trainee_list', NULL, NULL),
(558, 'choose_user_image', NULL, NULL),
(559, 'finish', NULL, NULL),
(560, 'thank_you', NULL, NULL),
(561, 'you_are_almost_there', NULL, NULL),
(562, 'you_are_just_one_click_away', NULL, NULL),
(563, 'country', NULL, NULL),
(564, 'website_settings', NULL, NULL),
(565, 'write_down_facebook_url', NULL, NULL),
(566, 'write_down_twitter_url', NULL, NULL),
(567, 'write_down_linkedin_url', NULL, NULL),
(568, 'google_link', NULL, NULL),
(569, 'write_down_google_url', NULL, NULL),
(570, 'instagram_link', NULL, NULL),
(571, 'write_down_instagram_url', NULL, NULL),
(572, 'pinterest_link', NULL, NULL),
(573, 'write_down_pinterest_url', NULL, NULL),
(574, 'update_settings', NULL, NULL),
(575, 'upload_banner_image', NULL, NULL),
(576, 'update_light_logo', NULL, NULL),
(577, 'upload_light_logo', NULL, NULL),
(578, 'update_dark_logo', NULL, NULL),
(579, 'upload_dark_logo', NULL, NULL),
(580, 'update_small_logo', NULL, NULL),
(581, 'upload_small_logo', NULL, NULL),
(582, 'upload_favicon', NULL, NULL),
(583, 'logo_updated', NULL, NULL),
(584, 'favicon_updated', NULL, NULL),
(585, 'banner_image_update', NULL, NULL),
(586, 'frontend_settings_updated', NULL, NULL),
(587, 'setup_payment_informations', NULL, NULL),
(588, 'update_system_currency', NULL, NULL),
(589, 'setup_paypal_settings', NULL, NULL),
(590, 'update_paypal_keys', NULL, NULL),
(591, 'setup_stripe_settings', NULL, NULL),
(592, 'test_mode', NULL, NULL),
(593, 'update_stripe_keys', NULL, NULL);

-- --------------------------------------------------------

--
-- Table structure for table `lesson`
--

CREATE TABLE `lesson` (
  `id` int(11) UNSIGNED NOT NULL,
  `title` varchar(255) COLLATE utf8_unicode_ci DEFAULT NULL,
  `duration` varchar(255) COLLATE utf8_unicode_ci DEFAULT NULL,
  `course_id` int(11) DEFAULT NULL,
  `section_id` int(11) DEFAULT NULL,
  `video_type` varchar(255) COLLATE utf8_unicode_ci DEFAULT NULL,
  `video_url` varchar(255) COLLATE utf8_unicode_ci DEFAULT NULL,
  `date_added` int(11) DEFAULT NULL,
  `last_modified` int(11) DEFAULT NULL,
  `lesson_type` varchar(255) COLLATE utf8_unicode_ci DEFAULT NULL,
  `attachment` varchar(255) COLLATE utf8_unicode_ci DEFAULT NULL,
  `attachment_type` varchar(255) COLLATE utf8_unicode_ci DEFAULT NULL,
  `summary` longtext COLLATE utf8_unicode_ci DEFAULT NULL,
  `order` int(11) NOT NULL DEFAULT 0
) ENGINE=InnoDB DEFAULT CHARSET=utf8 COLLATE=utf8_unicode_ci;

--
-- Dumping data for table `lesson`
--

INSERT INTO `lesson` (`id`, `title`, `duration`, `course_id`, `section_id`, `video_type`, `video_url`, `date_added`, `last_modified`, `lesson_type`, `attachment`, `attachment_type`, `summary`, `order`) VALUES
(1, 'Laravel MCQ Quiz &amp; Test', '00:00:00', 3, 1, NULL, NULL, 1685397600, NULL, 'quiz', NULL, NULL, '', 0),
(2, 'Designing and building a cloud application ', NULL, 4, 2, NULL, NULL, 1685397600, NULL, 'other', '2fd12cc26182f586daab50277c13a951.pdf', 'pdf', 'upload in the cloud', 0);

-- --------------------------------------------------------

--
-- Table structure for table `message`
--

CREATE TABLE `message` (
  `message_id` int(11) NOT NULL,
  `message_thread_code` longtext DEFAULT NULL,
  `message` longtext DEFAULT NULL,
  `sender` longtext DEFAULT NULL,
  `timestamp` longtext DEFAULT NULL,
  `read_status` int(11) DEFAULT NULL
) ENGINE=MyISAM DEFAULT CHARSET=latin1;

--
-- Dumping data for table `message`
--

INSERT INTO `message` (`message_id`, `message_thread_code`, `message`, `sender`, `timestamp`, `read_status`) VALUES
(1, '3ff04bf38e5af40', 'welcome maha', '1', '1685031336', NULL),
(2, '3ff04bf38e5af40', 'lkngblkmxf', '1', '1685349603', NULL),
(3, '3ff04bf38e5af40', '?????????????', '1', '1685360249', NULL),
(4, '3ff04bf38e5af40', '??????????????????', '2', '1685360362', NULL);

-- --------------------------------------------------------

--
-- Table structure for table `message_thread`
--

CREATE TABLE `message_thread` (
  `message_thread_id` int(11) NOT NULL,
  `message_thread_code` longtext COLLATE utf8_unicode_ci DEFAULT NULL,
  `sender` varchar(255) COLLATE utf8_unicode_ci DEFAULT '',
  `receiver` varchar(255) COLLATE utf8_unicode_ci DEFAULT '',
  `last_message_timestamp` longtext COLLATE utf8_unicode_ci DEFAULT NULL
) ENGINE=InnoDB DEFAULT CHARSET=utf8 COLLATE=utf8_unicode_ci;

--
-- Dumping data for table `message_thread`
--

INSERT INTO `message_thread` (`message_thread_id`, `message_thread_code`, `sender`, `receiver`, `last_message_timestamp`) VALUES
(1, '3ff04bf38e5af40', '1', '2', NULL);

-- --------------------------------------------------------

--
-- Table structure for table `payment`
--

CREATE TABLE `payment` (
  `id` int(11) UNSIGNED NOT NULL,
  `user_id` int(11) DEFAULT NULL,
  `payment_type` varchar(50) COLLATE utf8_unicode_ci DEFAULT NULL,
  `course_id` int(11) DEFAULT NULL,
  `amount` double DEFAULT NULL,
  `date_added` int(11) DEFAULT NULL,
  `last_modified` int(11) DEFAULT NULL,
  `admin_revenue` varchar(255) COLLATE utf8_unicode_ci DEFAULT NULL,
  `Advisor_revenue` varchar(255) COLLATE utf8_unicode_ci DEFAULT NULL,
  `Advisor_payment_status` int(11) DEFAULT 0
) ENGINE=InnoDB DEFAULT CHARSET=utf8 COLLATE=utf8_unicode_ci;

--
-- Dumping data for table `payment`
--

INSERT INTO `payment` (`id`, `user_id`, `payment_type`, `course_id`, `amount`, `date_added`, `last_modified`, `admin_revenue`, `Advisor_revenue`, `Advisor_payment_status`) VALUES
(1, 2, 'stripe', 1, 30, 1685224800, NULL, '30', '0', 1),
(3, 3, 'stripe', 4, 90, 1685397600, NULL, '90', '0', 1),
(4, 4, 'stripe', 4, 90, 1685397600, NULL, '90', '0', 1),
(5, 3, 'stripe', 3, 85, 1685484000, NULL, '30', '55', 1);

-- --------------------------------------------------------

--
-- Table structure for table `question`
--

CREATE TABLE `question` (
  `id` int(11) UNSIGNED NOT NULL,
  `quiz_id` int(11) DEFAULT NULL,
  `title` longtext COLLATE utf8_unicode_ci DEFAULT NULL,
  `type` varchar(255) COLLATE utf8_unicode_ci DEFAULT NULL,
  `number_of_options` int(11) DEFAULT NULL,
  `options` longtext COLLATE utf8_unicode_ci DEFAULT NULL,
  `correct_answers` longtext COLLATE utf8_unicode_ci DEFAULT NULL,
  `order` int(11) NOT NULL DEFAULT 0
) ENGINE=InnoDB DEFAULT CHARSET=utf8 COLLATE=utf8_unicode_ci;

--
-- Dumping data for table `question`
--

INSERT INTO `question` (`id`, `quiz_id`, `title`, `type`, `number_of_options`, `options`, `correct_answers`, `order`) VALUES
(1, 1, '1) Which method returns the average value of a given key ?', 'multiple_choice', 4, '[\"average()\",\"avg()\",\"median()\",\"avg_val()\"]', '[\"2\"]', 0);

-- --------------------------------------------------------

--
-- Table structure for table `rating`
--

CREATE TABLE `rating` (
  `id` int(11) UNSIGNED NOT NULL,
  `rating` double DEFAULT NULL,
  `user_id` int(11) DEFAULT NULL,
  `ratable_id` int(11) DEFAULT NULL,
  `ratable_type` varchar(50) COLLATE utf8_unicode_ci DEFAULT NULL,
  `date_added` int(11) DEFAULT NULL,
  `last_modified` int(11) DEFAULT NULL,
  `review` longtext COLLATE utf8_unicode_ci DEFAULT NULL
) ENGINE=InnoDB DEFAULT CHARSET=utf8 COLLATE=utf8_unicode_ci;

--
-- Dumping data for table `rating`
--

INSERT INTO `rating` (`id`, `rating`, `user_id`, `ratable_id`, `ratable_type`, `date_added`, `last_modified`, `review`) VALUES
(1, 5, 2, 0, 'course', 1685224800, NULL, 'Love this app'),
(2, 3, 3, 0, 'course', 1685397600, NULL, 'Good, course');

-- --------------------------------------------------------

--
-- Table structure for table `role`
--

CREATE TABLE `role` (
  `id` int(11) UNSIGNED NOT NULL,
  `name` varchar(255) COLLATE utf8_unicode_ci DEFAULT NULL,
  `date_added` int(11) DEFAULT NULL,
  `last_modified` int(11) DEFAULT NULL
) ENGINE=InnoDB DEFAULT CHARSET=utf8 COLLATE=utf8_unicode_ci;

--
-- Dumping data for table `role`
--

INSERT INTO `role` (`id`, `name`, `date_added`, `last_modified`) VALUES
(1, 'Admin', 1234567890, 1234567890),
(2, 'User', 1234567890, 1234567890);

-- --------------------------------------------------------

--
-- Table structure for table `section`
--

CREATE TABLE `section` (
  `id` int(11) NOT NULL,
  `title` varchar(255) COLLATE utf8_unicode_ci DEFAULT NULL,
  `course_id` int(11) DEFAULT NULL,
  `order` int(11) NOT NULL DEFAULT 0
) ENGINE=InnoDB DEFAULT CHARSET=utf8 COLLATE=utf8_unicode_ci;

--
-- Dumping data for table `section`
--

INSERT INTO `section` (`id`, `title`, `course_id`, `order`) VALUES
(1, 'Laravel MCQ', 3, 0),
(2, 'project', 4, 0);

-- --------------------------------------------------------

--
-- Table structure for table `settings`
--

CREATE TABLE `settings` (
  `id` int(11) UNSIGNED NOT NULL,
  `key` varchar(255) COLLATE utf8_unicode_ci DEFAULT NULL,
  `value` longtext COLLATE utf8_unicode_ci DEFAULT NULL
) ENGINE=InnoDB DEFAULT CHARSET=utf8 COLLATE=utf8_unicode_ci;

--
-- Dumping data for table `settings`
--

INSERT INTO `settings` (`id`, `key`, `value`) VALUES
(1, 'language', 'english'),
(2, 'system_name', 'M-Training Academy'),
(3, 'system_title', 'M-Training Academy'),
(4, 'system_email', 'admin@example.com'),
(5, 'address', 'M-Training Academy'),
(6, 'phone', '+143-52-9933631'),
(7, 'purchase_code', 'your-purchase-code'),
(8, 'paypal', '[{\"active\":\"1\",\"mode\":\"sandbox\",\"sandbox_client_id\":\"AZDxjDScFpQtjWTOUtWKbyN_bDt4OgqaF4eYXlewfBP4-8aqX3PiV8e1GWU6liB2CUXlkA59kJXE7M6R\",\"production_client_id\":\"1234\"}]'),
(9, 'stripe_keys', '[{\"active\":\"1\",\"testmode\":\"off\",\"public_key\":\"pk_test_c6VvBEbwHFdulFZ62q1IQrar\",\"secret_key\":\"sk_test_9IMkiM6Ykxr1LCe2dJ3PgaxS\",\"public_live_key\":\"pk_test_TYooMQauvdEDq54NiTphI7jx\",\"secret_live_key\":\"sk_test_4eC39HqLyjWDarjtT1zdp7dc\"}]'),
(10, 'youtube_api_key', 'AIzaSyBBJrcS7AhGd1Cgd6GKH3G5aUUj9L9NrFQ'),
(11, 'vimeo_api_key', '39258384b69994dba483c10286825b5c'),
(12, 'slogan', 'A course based video CMS'),
(13, 'text_align', NULL),
(14, 'allow_Advisor', '1'),
(15, 'Advisor_revenue', '70'),
(16, 'system_currency', 'USD'),
(17, 'paypal_currency', 'USD'),
(18, 'stripe_currency', 'USD'),
(19, 'author', 'M-Training Academy'),
(20, 'currency_position', 'left'),
(21, 'website_description', 'Nice application'),
(22, 'website_keywords', 'LMS,Creativeitem,demo,hello,How are you'),
(23, 'footer_text', NULL),
(24, 'footer_link', 'http://M-Training Academy.com/'),
(25, 'protocol', 'smtp'),
(26, 'smtp_host', 'mahaburham@gmail.com'),
(27, 'smtp_port', '465'),
(28, 'smtp_user', 'Maha dwaima'),
(29, 'smtp_pass', 'mahadwaima'),
(30, 'version', '2.0.1'),
(31, 'trainee_email_verification', 'disable');

-- --------------------------------------------------------

--
-- Table structure for table `tag`
--

CREATE TABLE `tag` (
  `id` int(11) UNSIGNED NOT NULL,
  `tag` varchar(255) COLLATE utf8_unicode_ci DEFAULT NULL,
  `tagable_id` int(11) DEFAULT NULL,
  `tagable_type` varchar(255) COLLATE utf8_unicode_ci DEFAULT NULL,
  `date_added` int(11) DEFAULT NULL,
  `last_modified` int(11) DEFAULT NULL
) ENGINE=InnoDB DEFAULT CHARSET=utf8 COLLATE=utf8_unicode_ci;

-- --------------------------------------------------------

--
-- Table structure for table `users`
--

CREATE TABLE `users` (
  `id` int(11) UNSIGNED NOT NULL,
  `first_name` varchar(255) COLLATE utf8_unicode_ci DEFAULT NULL,
  `last_name` varchar(255) COLLATE utf8_unicode_ci DEFAULT NULL,
  `email` varchar(50) COLLATE utf8_unicode_ci DEFAULT NULL,
  `password` varchar(255) COLLATE utf8_unicode_ci DEFAULT NULL,
  `social_links` longtext COLLATE utf8_unicode_ci DEFAULT NULL,
  `biography` longtext COLLATE utf8_unicode_ci DEFAULT NULL,
  `role_id` int(11) DEFAULT NULL,
  `date_added` int(11) DEFAULT NULL,
  `last_modified` int(11) DEFAULT NULL,
  `watch_history` longtext COLLATE utf8_unicode_ci DEFAULT NULL,
  `wishlist` longtext COLLATE utf8_unicode_ci DEFAULT NULL,
  `title` longtext COLLATE utf8_unicode_ci DEFAULT NULL,
  `paypal_keys` longtext COLLATE utf8_unicode_ci DEFAULT NULL,
  `stripe_keys` longtext COLLATE utf8_unicode_ci DEFAULT NULL,
  `verification_code` longtext COLLATE utf8_unicode_ci DEFAULT NULL,
  `status` int(11) DEFAULT NULL
) ENGINE=InnoDB DEFAULT CHARSET=utf8 COLLATE=utf8_unicode_ci;

--
-- Dumping data for table `users`
--

INSERT INTO `users` (`id`, `first_name`, `last_name`, `email`, `password`, `social_links`, `biography`, `role_id`, `date_added`, `last_modified`, `watch_history`, `wishlist`, `title`, `paypal_keys`, `stripe_keys`, `verification_code`, `status`) VALUES
(1, 'M.Maha', 'dwaima', 'ManagerMaha@example.com', 'd033e22ae348aeb5660fc2140aec35850c4da997', '{\"facebook\":\"https:\\/\\/www.facebook.com\\/maha.dwaima\\/\",\"twitter\":\".\",\"linkedin\":\".\"}', '.', 1, NULL, 1685440130, NULL, NULL, '.', '[{\"production_client_id\":null}]', '[{\"public_live_key\":null,\"secret_live_key\":null}]', NULL, 1),
(2, 'maha', 'dwaima', 'mahaburham@gmail.com', '686010bd43ca34472ae9424a393816816621c9b4', '{\"facebook\":\"\",\"twitter\":\"\",\"linkedin\":\"\"}', NULL, 2, 1685030870, NULL, '[]', '[]', NULL, '[{\"production_client_id\":\"1234\"}]', '[{\"public_live_key\":\"pk_test_TYooMQauvdEDq54NiTphI7jx\",\"secret_live_key\":\"sk_test_4eC39HqLyjWDarjtT1zdp7dc\"}]', 'b54578c211365b76bdb0b773514bd0bf', 1),
(3, 'manar', 'Aldadah ', 'manarAldadah@gmail.com', '89dab16559261dd3f9faa647c17565bb74c4f9f6', '{\"facebook\":\"\",\"twitter\":\"\",\"linkedin\":\"\"}', '', 2, 1685388116, 1685537204, '[]', '[]', NULL, '[{\"production_client_id\":\"1234\"}]', '[{\"public_live_key\":\"pk_test_TYooMQauvdEDq54NiTphI7jx\",\"secret_live_key\":\"sk_test_4eC39HqLyjWDarjtT1zdp7dc\"}]', 'a6d6dafc264177b03af8bf20e1b48ef9', 1),
(4, 'tasneem', 'abusafia', 'tasneem@gmail.com', '63c763cd0320da6c6aee298f7feb0cc724a4d7ed', '{\"facebook\":\"\",\"twitter\":\"\",\"linkedin\":\"\"}', NULL, 2, 1685437710, NULL, '[]', '[\"4\"]', NULL, '[{\"production_client_id\":\"\"}]', '[{\"public_live_key\":\"\",\"secret_live_key\":\"\"}]', '9f3a13e033579155d5ae518060b2b228', 1);

--
-- Indexes for dumped tables
--

--
-- Indexes for table `category`
--
ALTER TABLE `category`
  ADD PRIMARY KEY (`id`);

--
-- Indexes for table `comment`
--
ALTER TABLE `comment`
  ADD PRIMARY KEY (`id`);

--
-- Indexes for table `course`
--
ALTER TABLE `course`
  ADD PRIMARY KEY (`id`);

--
-- Indexes for table `currency`
--
ALTER TABLE `currency`
  ADD PRIMARY KEY (`id`);

--
-- Indexes for table `enrol`
--
ALTER TABLE `enrol`
  ADD PRIMARY KEY (`id`);

--
-- Indexes for table `frontend_settings`
--
ALTER TABLE `frontend_settings`
  ADD PRIMARY KEY (`id`);

--
-- Indexes for table `language`
--
ALTER TABLE `language`
  ADD PRIMARY KEY (`phrase_id`);

--
-- Indexes for table `lesson`
--
ALTER TABLE `lesson`
  ADD PRIMARY KEY (`id`);

--
-- Indexes for table `message`
--
ALTER TABLE `message`
  ADD PRIMARY KEY (`message_id`);

--
-- Indexes for table `message_thread`
--
ALTER TABLE `message_thread`
  ADD PRIMARY KEY (`message_thread_id`);

--
-- Indexes for table `payment`
--
ALTER TABLE `payment`
  ADD PRIMARY KEY (`id`);

--
-- Indexes for table `question`
--
ALTER TABLE `question`
  ADD PRIMARY KEY (`id`);

--
-- Indexes for table `rating`
--
ALTER TABLE `rating`
  ADD PRIMARY KEY (`id`);

--
-- Indexes for table `role`
--
ALTER TABLE `role`
  ADD PRIMARY KEY (`id`);

--
-- Indexes for table `section`
--
ALTER TABLE `section`
  ADD PRIMARY KEY (`id`);

--
-- Indexes for table `settings`
--
ALTER TABLE `settings`
  ADD PRIMARY KEY (`id`);

--
-- Indexes for table `tag`
--
ALTER TABLE `tag`
  ADD PRIMARY KEY (`id`);

--
-- Indexes for table `users`
--
ALTER TABLE `users`
  ADD PRIMARY KEY (`id`);

--
-- AUTO_INCREMENT for dumped tables
--

--
-- AUTO_INCREMENT for table `category`
--
ALTER TABLE `category`
  MODIFY `id` int(11) UNSIGNED NOT NULL AUTO_INCREMENT, AUTO_INCREMENT=18;

--
-- AUTO_INCREMENT for table `comment`
--
ALTER TABLE `comment`
  MODIFY `id` int(11) UNSIGNED NOT NULL AUTO_INCREMENT;

--
-- AUTO_INCREMENT for table `course`
--
ALTER TABLE `course`
  MODIFY `id` int(11) UNSIGNED NOT NULL AUTO_INCREMENT, AUTO_INCREMENT=6;

--
-- AUTO_INCREMENT for table `currency`
--
ALTER TABLE `currency`
  MODIFY `id` int(11) NOT NULL AUTO_INCREMENT, AUTO_INCREMENT=113;

--
-- AUTO_INCREMENT for table `enrol`
--
ALTER TABLE `enrol`
  MODIFY `id` int(11) UNSIGNED NOT NULL AUTO_INCREMENT, AUTO_INCREMENT=8;

--
-- AUTO_INCREMENT for table `frontend_settings`
--
ALTER TABLE `frontend_settings`
  MODIFY `id` int(11) UNSIGNED NOT NULL AUTO_INCREMENT, AUTO_INCREMENT=14;

--
-- AUTO_INCREMENT for table `language`
--
ALTER TABLE `language`
  MODIFY `phrase_id` int(11) NOT NULL AUTO_INCREMENT, AUTO_INCREMENT=594;

--
-- AUTO_INCREMENT for table `lesson`
--
ALTER TABLE `lesson`
  MODIFY `id` int(11) UNSIGNED NOT NULL AUTO_INCREMENT, AUTO_INCREMENT=3;

--
-- AUTO_INCREMENT for table `message`
--
ALTER TABLE `message`
  MODIFY `message_id` int(11) NOT NULL AUTO_INCREMENT, AUTO_INCREMENT=5;

--
-- AUTO_INCREMENT for table `message_thread`
--
ALTER TABLE `message_thread`
  MODIFY `message_thread_id` int(11) NOT NULL AUTO_INCREMENT, AUTO_INCREMENT=2;

--
-- AUTO_INCREMENT for table `payment`
--
ALTER TABLE `payment`
  MODIFY `id` int(11) UNSIGNED NOT NULL AUTO_INCREMENT, AUTO_INCREMENT=6;

--
-- AUTO_INCREMENT for table `question`
--
ALTER TABLE `question`
  MODIFY `id` int(11) UNSIGNED NOT NULL AUTO_INCREMENT, AUTO_INCREMENT=2;

--
-- AUTO_INCREMENT for table `rating`
--
ALTER TABLE `rating`
  MODIFY `id` int(11) UNSIGNED NOT NULL AUTO_INCREMENT, AUTO_INCREMENT=3;

--
-- AUTO_INCREMENT for table `role`
--
ALTER TABLE `role`
  MODIFY `id` int(11) UNSIGNED NOT NULL AUTO_INCREMENT, AUTO_INCREMENT=3;

--
-- AUTO_INCREMENT for table `section`
--
ALTER TABLE `section`
  MODIFY `id` int(11) NOT NULL AUTO_INCREMENT, AUTO_INCREMENT=3;

--
-- AUTO_INCREMENT for table `settings`
--
ALTER TABLE `settings`
  MODIFY `id` int(11) UNSIGNED NOT NULL AUTO_INCREMENT, AUTO_INCREMENT=32;

--
-- AUTO_INCREMENT for table `tag`
--
ALTER TABLE `tag`
  MODIFY `id` int(11) UNSIGNED NOT NULL AUTO_INCREMENT;

--
-- AUTO_INCREMENT for table `users`
--
ALTER TABLE `users`
  MODIFY `id` int(11) UNSIGNED NOT NULL AUTO_INCREMENT, AUTO_INCREMENT=5;
COMMIT;

/*!40101 SET CHARACTER_SET_CLIENT=@OLD_CHARACTER_SET_CLIENT */;
/*!40101 SET CHARACTER_SET_RESULTS=@OLD_CHARACTER_SET_RESULTS */;
/*!40101 SET COLLATION_CONNECTION=@OLD_COLLATION_CONNECTION */;
